,R_1,R_3,R_5,R_10,R_20,R_60,R_180,alpha_1,alpha_3,alpha_5,alpha_10,alpha_20,alpha_60,alpha_180
overall_sentiment,0.39072956840295064,0.832446093722182,0.06129363278636903,0.5166769503568652,0.8853453239519689,0.7548886013418958,0.69217252908225,0.8290012095899123,0.9801291792330936,0.3026159105075779,0.9176963898146707,0.9228372831618907,0.9246736281309065,0.6871155405075249
confidence_score,0.4256819122823011,0.5624771064598878,0.053379612841900556,0.5942510510715131,0.9938358620179099,0.1528626147883285,0.609942286173472,0.8300907729784903,0.560311781707117,0.19325573940618462,0.8323326161921141,0.7922809616719932,0.14642222277449926,0.5487005240460614
forward_guidance_tone,0.5626457934112278,0.7968661666852955,0.25386580606877607,0.6936984236251048,0.8678186259594558,0.2328134480293383,0.2399549228996475,0.9885171451484726,0.8840538533911848,0.5623120281091165,0.8866828040441359,0.8584949899641502,0.22630720630684376,0.17996898697210867
risk_disclosure_intensity,0.556797316231594,0.4055438754471958,0.6269788027018444,0.7776810154368541,0.5864579883518353,0.981989768522769,0.8415206628859979,0.9571229589361038,0.2819774570455206,0.7713653783453381,0.4209995294683543,0.8300743385551962,0.9299098722800072,0.9370231628021893
qa_evasiveness,0.665877281981056,0.19659683815914383,0.9394193972216653,0.5416410813596546,0.10555948364727484,0.247330734530794,0.7801610443115299,0.576597502703181,0.2176636871432054,0.870012660263378,0.6612947038831438,0.27113337919465186,0.3709789933560853,0.6516199480214278
quantitative_specificity,0.42742365663887616,0.06146489716524361,0.4615873103586483,0.7937274513573328,0.10052293345516233,0.24896590893359036,0.027794757639686533,0.576202651331944,0.05989739966160455,0.4555209458618755,0.6405750690166836,0.1983383946650103,0.6882631463189016,0.05911167518475584
capex_enthusiasm,0.593183784958644,0.9477809484213683,0.07712638696457734,0.19307618792934908,0.7530051042776856,0.6596691422518398,0.4630363255305243,0.6948909137686616,0.8820193520277342,0.3727211988261129,0.35738397013046697,0.9005505735700724,0.8530923912099705,0.5339909323046302
demand_strength,0.7841668845575888,0.49878488003244037,0.2686246285272836,0.8682288379737273,0.39166046306176433,0.6138332801447585,0.21029374947408153,0.5990965959702371,0.19719755756047125,0.8885781814065782,0.8452722519551413,0.4613122811770988,0.6676657553726988,0.3178927037920205
pricing_power,0.3388384712130242,0.06261208593644034,0.8545451828419621,0.3992681788039144,0.040302822697318746,0.04455032899772997,0.0917938057673677,0.1294381534633441,0.02833491999294184,0.5193464557352317,0.35246375007941616,0.10653091014486214,0.09511482441883111,0.17580305697331572
competitive_moat,0.667912018060366,0.45358252996904475,0.6308619588941023,0.9045855834465766,0.7274061647318196,0.17726124795765105,0.20492869650083778,0.7880988621471613,0.31516651134468304,0.5979473457659366,0.9455856489520551,0.7262270710462096,0.3469267537594861,0.4449362392932855
innovation_momentum,0.2969890014330873,0.10625874853479947,0.18885460842383883,0.3094056193912817,0.11997380484690932,0.012128991022885874,0.03714503317909934,0.360408483842141,0.040499016117790686,0.19064811623332392,0.22379655974460874,0.0874434570591758,0.013418421159002577,0.04685804518278331
management_consistency,0.5519815158747113,0.7089941540529644,0.0723789833871914,0.3385087230362372,0.49289029853957855,0.650527027475939,0.7973717473783514,0.39626948577071813,0.6483749586771547,0.22177275393826082,0.6638305073787772,0.6135809175900938,0.38533705593586093,0.500277636087078
