dimension,dimension_zh,return_window,beta,intercept,r_squared,pearson_r,p_value,n_samples,significant_005,significant_010
overall_sentiment,整體情緒,R_1,0.005244163995835753,-0.0052857757889750705,0.00396337590079221,0.06295534846851551,0.39072956840295064,188,False,False
overall_sentiment,整體情緒,R_3,0.002323859087720655,0.004468977925006186,0.00024126339592334123,0.015532655791054534,0.832446093722182,188,False,False
overall_sentiment,整體情緒,R_5,0.02415069774240381,-0.009647629586767213,0.018701635466668365,0.1367539230394085,0.06129363278636903,188,False,True
overall_sentiment,整體情緒,R_10,0.011646471348673927,0.00532058415107727,0.00226438517221883,0.04758555634033351,0.5166769503568652,188,False,False
overall_sentiment,整體情緒,R_20,-0.0035605446546172746,0.022552743238876984,0.0001120829231548992,-0.010586922270186913,0.8853453239519689,188,False,False
overall_sentiment,整體情緒,R_60,0.016060557838732243,0.07839709925250753,0.0005398453502264422,0.023234572305642215,0.7548886013418958,183,False,False
overall_sentiment,整體情緒,R_180,-0.05188471886155316,0.3180915156343227,0.0009243089881524336,-0.0304024503642756,0.69217252908225,172,False,False
overall_sentiment,整體情緒,alpha_1,0.0010900149281185747,-0.002923599384841019,0.00025144206198601804,0.01585692473293475,0.8290012095899123,188,False,False
overall_sentiment,整體情緒,alpha_3,0.00021880730896505155,0.002000365768813846,3.3442217967083465e-06,0.0018287213557155457,0.9801291792330936,188,False,False
overall_sentiment,整體情緒,alpha_5,0.010341064557735438,-0.007506358881057501,0.005712063896920361,0.07557819723253868,0.3026159105075779,188,False,False
overall_sentiment,整體情緒,alpha_10,0.0014881166738038997,0.0008765511072226092,5.756312914750872e-05,0.007587036914871392,0.9176963898146707,188,False,False
overall_sentiment,整體情緒,alpha_20,0.001847812652137481,0.00031544404169252206,5.05749827424129e-05,0.007111609012206775,0.9228372831618907,188,False,False
overall_sentiment,整體情緒,alpha_60,0.003995165762639158,0.04026643395287629,4.952422428239345e-05,0.007037344973938868,0.9246736281309065,183,False,False
overall_sentiment,整體情緒,alpha_180,-0.0466747462583071,0.1821083170656701,0.000956621795323076,-0.030929303181980426,0.6871155405075249,172,False,False
confidence_score,管理層信心,R_1,0.01810799948285321,-0.01771113068518348,0.0034150330131847983,0.058438283797393915,0.4256819122823011,188,False,False
confidence_score,管理層信心,R_3,0.02365524526690096,-0.014792382854457019,0.001806624897936815,0.0425044103351281,0.5624771064598878,188,False,False
confidence_score,管理層信心,R_5,0.09271188057259624,-0.07507110156538996,0.019917380831736775,0.1411289510757335,0.053379612841900556,188,False,True
confidence_score,管理層信心,R_10,0.03559433578343016,-0.018207968438925564,0.0015284969889186595,0.03909599709585247,0.5942510510715131,188,False,False
confidence_score,管理層信心,R_20,0.0007096430110236707,0.01954534394000623,3.217567445812364e-07,0.0005672360572725396,0.9938358620179099,188,False,False
confidence_score,管理層信心,R_60,0.27249188063253743,-0.15043303786429352,0.011257138162987013,0.106099661464997,0.1528626147883285,183,False,False
confidence_score,管理層信心,R_180,0.2475800699525165,0.06723966466301978,0.0015342657735070153,0.03916970479218536,0.609942286173472,172,False,False
confidence_score,管理層信心,alpha_1,0.0040284949544773345,-0.005739176656185972,0.0002481989330609391,0.015754330612909928,0.8300907729784903,188,False,False
confidence_score,管理層信心,alpha_3,0.019022941310299107,-0.014593384628855847,0.0018267031748504525,0.04273994823172646,0.560311781707117,188,False,False
confidence_score,管理層信心,alpha_5,0.048508173897216456,-0.043272739449681005,0.009083090347488665,0.0953052482683337,0.19325573940618462,188,False,False
confidence_score,管理層信心,alpha_10,0.011340659627146104,-0.008107299365208482,0.0002415951906751257,0.015543332675950358,0.8323326161921141,188,False,False
confidence_score,管理層信心,alpha_20,0.01868698029119137,-0.014892440168322172,0.0003738000453289425,0.019333909209698755,0.7922809616719932,188,False,False
confidence_score,管理層信心,alpha_60,0.227344341282381,-0.15689515789620712,0.011616869837087651,0.10778158394219223,0.14642222277449926,183,False,False
confidence_score,管理層信心,alpha_180,0.25731807478817226,-0.07388249065922453,0.0021195707652116313,0.046038796304982185,0.5487005240460614,172,False,False
forward_guidance_tone,前瞻語氣,R_1,0.002686851587897125,-0.0032418544320531283,0.0018050669355159643,0.042486079314475234,0.5626457934112278,188,False,False
forward_guidance_tone,前瞻語氣,R_3,0.0021464602371065247,0.004853270417024099,0.0003571172024799951,0.01889754487969271,0.7968661666852955,188,False,False
forward_guidance_tone,前瞻語氣,R_5,0.011212386071962156,0.00039863889413070414,0.006993740728841846,0.08362858798785122,0.25386580606877607,188,False,False
forward_guidance_tone,前瞻語氣,R_10,0.005371925404301893,0.0101844902980185,0.0008358238185015576,0.02891061774680198,0.6936984236251048,188,False,False
forward_guidance_tone,前瞻語氣,R_20,-0.003119913504531833,0.021871842178136768,0.00014930862721584948,-0.012219190939495389,0.8678186259594558,188,False,False
forward_guidance_tone,前瞻語氣,R_60,0.04660502200919921,0.06401244910899884,0.00785585945544598,0.08863328638522783,0.2328134480293383,183,False,False
forward_guidance_tone,前瞻語氣,R_180,0.11714805665007441,0.2231872280753962,0.008113513932016536,0.09007504611165332,0.2399549228996475,172,False,False
forward_guidance_tone,前瞻語氣,alpha_1,-5.514660875073593e-05,-0.00216401686117424,1.1166160820419435e-06,-0.001056700563990133,0.9885171451484726,188,False,False
forward_guidance_tone,前瞻語氣,alpha_3,0.0009726036971360235,0.0016162173668761446,0.00011464007852157732,0.01070701071829469,0.8840538533911848,188,False,False
forward_guidance_tone,前瞻語氣,alpha_5,0.00441712192387045,-0.0029952274015781423,0.00180815039941018,0.04252235176245888,0.5623120281091165,188,False,False
forward_guidance_tone,前瞻語氣,alpha_10,-0.001557963157422632,0.0027223997312825657,0.00010946568889746988,-0.010462585191895503,0.8866828040441359,188,False,False
forward_guidance_tone,前瞻語氣,alpha_20,0.0025821402730356216,0.00014346256025318414,0.0001713455194074509,0.013089901428485973,0.8584949899641502,188,False,False
forward_guidance_tone,前瞻語氣,alpha_60,0.03881279840270636,0.022058049759355602,0.008077521915484609,0.08987503499573612,0.22630720630684376,183,False,False
forward_guidance_tone,前瞻語氣,alpha_180,0.11812856836250003,0.09008993614744615,0.010550833997324038,0.10271725267609182,0.17996898697210867,172,False,False
risk_disclosure_intensity,風險揭露,R_1,-0.005645113672490311,0.0007197697557773176,0.001859608290730952,-0.043123175795977756,0.556797316231594,188,False,False
risk_disclosure_intensity,風險揭露,R_3,0.014345087664798355,-0.0003181270552120386,0.003722559301584938,0.061012779821814724,0.4055438754471958,188,False,False
risk_disclosure_intensity,風險揭露,R_5,-0.009899625920718105,0.010892251777484574,0.0012723926333545466,-0.03567061302185031,0.6269788027018444,188,False,False
risk_disclosure_intensity,風險揭露,R_10,0.007972492787815347,0.009590187473241854,0.00042964840376069624,0.020727961881495845,0.7776810154368541,188,False,False
risk_disclosure_intensity,風險揭露,R_20,0.02110079300833346,0.01084058556176729,0.0015939235420456832,0.03992397202240111,0.5864579883518353,188,False,False
risk_disclosure_intensity,風險揭露,R_60,0.001832497622216186,0.08825070598043533,2.823272192586934e-06,0.0016802595610733925,0.981989768522769,183,False,False
risk_disclosure_intensity,風險揭露,R_180,0.04146050380650572,0.26565185217975623,0.0002358384189716789,0.015357031580728618,0.8415206628859979,172,False,False
risk_disclosure_intensity,風險揭露,alpha_1,-0.00042643348417056837,-0.0020055630579253986,1.558256657185897e-05,-0.0039474759748089755,0.9571229589361038,188,False,False
risk_disclosure_intensity,風險揭露,alpha_3,0.014830280820067812,-0.0044100736256013325,0.006220617935790651,0.07887089409782791,0.2819774570455206,188,False,False
risk_disclosure_intensity,風險揭露,alpha_5,0.004587167525076115,-0.0026136600620684253,0.00045510867694065205,0.021333276282389273,0.7713653783453381,188,False,False
risk_disclosure_intensity,風險揭露,alpha_10,0.01819529219302433,-0.006172160845895345,0.0034845913358741987,0.05903042720389515,0.4209995294683543,188,False,False
risk_disclosure_intensity,風險揭露,alpha_20,0.00643355462387261,-0.0012923499606710598,0.0002482476872519568,0.015755877863574234,0.8300743385551962,188,False,False
risk_disclosure_intensity,風險揭露,alpha_60,0.005864074378531895,0.04032318388362632,4.286124806918146e-05,0.006546850240332698,0.9299098722800072,183,False,False
risk_disclosure_intensity,風險揭露,alpha_180,0.01448808289217847,0.14517196362296475,3.683030779710883e-05,0.006068797887301351,0.9370231628021893,172,False,False
qa_evasiveness,QA閃躍,R_1,0.010859514734271903,-0.003517656934093387,0.0010046799033945897,0.031696686000190794,0.665877281981056,188,False,False
qa_evasiveness,QA閃躍,R_3,0.058210117269521834,-0.0033110597625420632,0.008948761771303326,0.09459789517374985,0.19659683815914383,188,False,False
qa_evasiveness,QA閃躍,R_5,-0.004053014284324786,0.007165344725050019,3.113656025333089e-05,-0.005580014359611515,0.9394193972216653,188,False,False
qa_evasiveness,QA閃躍,R_10,0.04508668748356729,0.005884389456718755,0.0020060990715582427,0.044789497335403064,0.5416410813596546,188,False,False
qa_evasiveness,QA閃躍,R_20,0.1637954421799968,-0.006098428623733922,0.014021818552062859,0.11841375997772727,0.10555948364727484,188,False,False
qa_evasiveness,QA閃躍,R_60,0.24433973207472026,0.04960715338231496,0.0073870460527811765,0.08594792640187046,0.247330734530794,183,False,False
qa_evasiveness,QA閃躍,R_180,-0.1507498924005083,0.3087577265196193,0.0004594907575138363,-0.021435735525370647,0.7801610443115299,172,False,False
qa_evasiveness,QA閃躍,alpha_1,0.011585816812985579,-0.004052145654285893,0.0016792698664445105,0.04097889537853003,0.576597502703181,188,False,False
qa_evasiveness,QA閃躍,alpha_3,0.04445138219909963,-0.004981968474212065,0.008158984439210593,0.09032709692672986,0.2176636871432054,188,False,False
qa_evasiveness,QA閃躍,alpha_5,0.006761282425914759,-0.0016698691070524858,0.00014434935736118426,0.012014547738527559,0.870012660263378,188,False,False
qa_evasiveness,QA閃躍,alpha_10,0.02594370139585058,-0.0022881710054736062,0.001034256942641476,0.03215986540148399,0.6612947038831438,188,False,False
qa_evasiveness,QA閃躍,alpha_20,0.08620536572413458,-0.01227285377049216,0.006507027014872491,0.08066614540730609,0.27113337919465186,188,False,False
qa_evasiveness,QA閃躍,alpha_60,0.15530542135401246,0.01784139210842188,0.004424414571478796,0.06651627298247235,0.3709789933560853,183,False,False
qa_evasiveness,QA閃躍,alpha_180,-0.2156022443716452,0.18671011902682325,0.0012020081519112935,-0.03466998921129226,0.6516199480214278,172,False,False
quantitative_specificity,數據具體度,R_1,-0.02193074364153381,0.01779593103087917,0.0033894500040555497,-0.05821898319324724,0.42742365663887616,188,False,False
quantitative_specificity,數據具體度,R_3,-0.09246235668835223,0.08854196811430805,0.018677190731322124,-0.13666451891885606,0.06146489716524361,188,False,True
quantitative_specificity,數據具體度,R_5,-0.04313817450577021,0.045013879501144355,0.0029177866216965054,-0.05401654026033473,0.4615873103586483,188,False,False
quantitative_specificity,數據具體度,R_10,-0.02124609285914624,0.03207605481595871,0.00036849322555398967,-0.01919617736827326,0.7937274513573328,188,False,False
quantitative_specificity,數據具體度,R_20,-0.18272600659699245,0.1832430712090868,0.014435009753660966,-0.12014578541780281,0.10052293345516233,188,False,False
quantitative_specificity,數據具體度,R_60,-0.2678669349510332,0.32784415983788895,0.007336334795026267,-0.08565240682564723,0.24896590893359036,183,False,False
quantitative_specificity,數據具體度,R_180,-1.3002588295669868,1.4411132451012578,0.028154744483642635,-0.1677937557945542,0.027794757639686533,172,True,True
quantitative_specificity,數據具體度,alpha_1,-0.012751701667268992,0.009186114359788082,0.001682748087405428,-0.04102131259973766,0.576202651331944,188,False,False
quantitative_specificity,數據具體度,alpha_3,-0.0743930312590265,0.06853862704675774,0.018903652007671634,-0.13749055243060015,0.05989739966160455,188,False,True
quantitative_specificity,數據具體度,alpha_5,-0.03387622838724432,0.029647185488443167,0.0029975224394113154,-0.0547496341486543,0.4555209458618755,188,False,False
quantitative_specificity,數據具體度,alpha_10,-0.03039685499160787,0.029000057332701203,0.0011744580592647491,-0.034270367072225597,0.6405750690166836,188,False,False
quantitative_specificity,數據具體度,alpha_20,-0.11072267111061104,0.10036619695036413,0.008879791313342045,-0.09423264462670043,0.1983383946650103,188,False,False
quantitative_specificity,數據具體度,alpha_60,-0.07668642523431238,0.11127927052090522,0.0008914107642727931,-0.02985650288082286,0.6882631463189016,183,False,False
quantitative_specificity,數據具體度,alpha_180,-0.9881559744534408,1.030846316936257,0.020796060311657594,-0.1442083919598911,0.05911167518475584,172,False,True
capex_enthusiasm,資本支出積極,R_1,0.003207365108886558,-0.00422221884937986,0.0015373531391675854,0.039209095107733474,0.593183784958644,188,False,False
capex_enthusiasm,資本支出積極,R_3,0.0007064900846951492,0.005485421553056305,2.312320881836527e-05,0.00480865977363033,0.9477809484213683,188,False,False
capex_enthusiasm,資本支出積極,R_5,0.022412699759156544,-0.010577906722504544,0.0167021612344741,0.12923684162990867,0.07712638696457734,188,False,True
capex_enthusiasm,資本支出積極,R_10,0.022915445734226523,-0.004361637041918717,0.00909038544629992,0.09534351286951856,0.19307618792934908,188,False,False
capex_enthusiasm,資本支出積極,R_20,0.007629607822007804,0.014351036334816214,0.0005336728483475994,0.023101360313787137,0.7530051042776856,188,False,False
capex_enthusiasm,資本支出積極,R_60,0.022302114313879864,0.07219771351375369,0.0010737995373333309,0.03276888062374519,0.6596691422518398,183,False,False
capex_enthusiasm,資本支出積極,R_180,-0.09452654221044554,0.35465016857612897,0.0031721986188822937,-0.056322274624541306,0.4630363255305243,172,False,False
capex_enthusiasm,資本支出積極,alpha_1,-0.0019435936270243942,-0.0007118008077206114,0.0008289876744767,-0.028792146055422168,0.6948909137686616,188,False,False
capex_enthusiasm,資本支出積極,alpha_3,-0.0012802925762124078,0.0031232311155761747,0.0001187282264979439,-0.010896248276274417,0.8820193520277342,188,False,False
capex_enthusiasm,資本支出積極,alpha_5,0.00878446807505168,-0.007285105104177911,0.004274227150343757,0.06537757375693729,0.3727211988261129,188,False,False
capex_enthusiasm,資本支出積極,alpha_10,0.013000873419756231,-0.008042759483344635,0.004555956734884403,0.06749782763085434,0.35738397013046697,188,False,False
capex_enthusiasm,資本支出積極,alpha_20,0.0023410868519058024,-0.00023334981434107427,8.418195839976494e-05,0.009175072664547142,0.9005505735700724,188,False,False
capex_enthusiasm,資本支出積極,alpha_60,0.007703798171540567,0.03709398014139065,0.00018995069714800028,0.013782260233645654,0.8530923912099705,183,False,False
capex_enthusiasm,資本支出積極,alpha_180,-0.07085315444115095,0.20443563815842283,0.0022793410307816453,-0.04774244475078716,0.5339909323046302,172,False,False
demand_strength,需求強度,R_1,0.0027036853938065945,-0.004011665047013266,0.000404322941992441,0.02010778311978521,0.7841668845575888,188,False,False
demand_strength,需求強度,R_3,-0.011986082465903164,0.015935065530015013,0.002463370400298759,-0.049632352355082586,0.49878488003244037,188,False,False
demand_strength,需求強度,R_5,0.023115156982970706,-0.012597684709392473,0.006575325496804507,0.0810883807755723,0.2686246285272836,188,False,False
demand_strength,需求強度,R_10,0.004812244830422278,0.009135986098954984,0.00014837486815511003,0.012180922303141314,0.8682288379737273,188,False,False
demand_strength,需求強度,R_20,-0.03410954281052798,0.0483737044168165,0.003947859712915558,-0.06283199593292912,0.39166046306176433,188,False,False
demand_strength,需求強度,R_60,-0.041835800178437764,0.12357083163227761,0.0014096950886532955,-0.03754590641672248,0.6138332801447585,183,False,False
demand_strength,需求強度,R_180,-0.26362645201444385,0.4999900731965889,0.009216220638091022,-0.09600114914984509,0.21029374947408153,172,False,False
demand_strength,需求強度,alpha_1,-0.004281198026798941,0.001345857591338632,0.0014886993912830437,-0.0385836674161901,0.5990965959702371,188,False,False
demand_strength,需求強度,alpha_3,-0.018245849632130353,0.017233598007796006,0.008924891515674105,-0.09447164397677461,0.19719755756047125,188,False,False
demand_strength,需求強度,alpha_5,0.0022718619034660234,-0.0024640620206294187,0.00010581074101190246,0.010286434805708889,0.8885781814065782,188,False,False
demand_strength,需求強度,alpha_10,-0.004536238882878946,0.005623323310635049,0.0002052889635285604,-0.01432790855388822,0.8452722519551413,188,False,False
demand_strength,需求強度,alpha_20,-0.0226689477948311,0.02029618724700333,0.0029213657593142317,-0.054049660122097234,0.4613122811770988,188,False,False
demand_strength,需求強度,alpha_60,-0.02923818927740336,0.06703691053702901,0.001020774787767631,-0.03194956631579835,0.6676657553726988,183,False,False
demand_strength,需求強度,alpha_180,-0.18601425529356708,0.30389281497090515,0.005868207324341235,-0.07660422523817569,0.3178927037920205,172,False,False
pricing_power,定價能力,R_1,-0.010393948312178655,0.005567675637954424,0.004919486160475883,-0.07013904875656676,0.3388384712130242,188,False,False
pricing_power,定價能力,R_3,-0.036216485283519236,0.031612720960255504,0.018515283244140757,-0.13607087581161958,0.06261208593644034,188,False,True
pricing_power,定價能力,R_5,-0.004228532522539347,0.00950299150322294,0.0001811529767956621,-0.013459308184147173,0.8545451828419621,188,False,False
pricing_power,定價能力,R_10,-0.02692145697051885,0.032136201994078184,0.0038230026508727644,-0.06183043466508223,0.3992681788039144,188,False,False
pricing_power,定價能力,R_20,-0.08957380156447124,0.08345753224613639,0.022413748274707657,-0.14971221818778668,0.040302822697318746,188,True,True
pricing_power,定價能力,R_60,-0.18239590735930034,0.21756640703609953,0.022109510471687077,-0.14869267121040952,0.04455032899772997,183,True,True
pricing_power,定價能力,R_180,-0.38904306455880583,0.5565457766300544,0.016630698990899973,-0.12896006742747881,0.0917938057673677,172,False,True
pricing_power,定價能力,alpha_1,-0.013572630940493388,0.007395540221976086,0.012318193459958549,-0.11098735720773976,0.1294381534633441,188,False,False
pricing_power,定價能力,alpha_3,-0.034046502328946626,0.026202106406941306,0.0255836397258149,-0.15994886597226993,0.02833491999294184,188,True,True
pricing_power,定價能力,alpha_5,-0.01150943240131926,0.007546357334482445,0.0022357141395187297,-0.04728333892100954,0.5193464557352317,188,False,False
pricing_power,定價能力,alpha_10,-0.02379372274976832,0.018683758728231824,0.004649873354055312,-0.06818997986548447,0.35246375007941616,188,False,False
pricing_power,定價能力,alpha_20,-0.054584584112256335,0.04011843391149542,0.013944591104616322,-0.11808721821016932,0.10653091014486214,188,False,False
pricing_power,定價能力,alpha_60,-0.12467277013483269,0.1307557934991052,0.01531412291598555,-0.12375024410475063,0.09511482441883111,183,False,True
pricing_power,定價能力,alpha_180,-0.2766404791628892,0.3452909222328763,0.010754363307528214,-0.10370324636928262,0.17580305697331572,172,False,False
competitive_moat,競爭優勢,R_1,0.009355983321650583,-0.010115357763724719,0.00099171010382193,0.031491429053342686,0.667912018060366,188,False,False
competitive_moat,競爭優勢,R_3,0.02934012568631705,-0.020127495004989216,0.0030233534418218078,0.05498502925180696,0.45358252996904475,188,False,False
competitive_moat,競爭優勢,R_5,0.022214749837401397,-0.013285314907533732,0.0012439307423584012,0.035269402353291346,0.6308619588941023,188,False,False
competitive_moat,競爭優勢,R_10,-0.007682534029922655,0.019962718472802232,7.745753771892794e-05,-0.008800996404889856,0.9045855834465766,188,False,False
competitive_moat,競爭優勢,R_20,0.030694191738737057,-0.007188817602102351,0.0006548051756384288,0.02558916129220372,0.7274061647318196,188,False,False
competitive_moat,競爭優勢,R_60,0.24601671614122925,-0.1301617363354024,0.010034774587849848,0.10017372204250931,0.17726124795765105,183,False,False
competitive_moat,競爭優勢,R_180,0.5850220825827788,-0.23630674575880228,0.009435353349085851,0.0971357470197558,0.20492869650083778,172,False,False
competitive_moat,競爭優勢,alpha_1,0.004837813017553207,-0.0065061879438597,0.00038937164350194564,0.01973250221086538,0.7880988621471613,188,False,False
competitive_moat,競爭優勢,alpha_3,0.031428853082210384,-0.025866669206569198,0.005424024139907058,0.07364797444537827,0.31516651134468304,188,False,False
competitive_moat,競爭優勢,alpha_5,0.01888814670416411,-0.017421114203198498,0.0014980778317769117,0.03870501042212817,0.5979473457659366,188,False,False
competitive_moat,競爭優勢,alpha_10,0.003505526154315901,-0.0012520987745896727,2.5111345114292583e-05,0.005011122141245938,0.9455856489520551,188,False,False
competitive_moat,競爭優勢,alpha_20,0.023820536625769724,-0.019679851354521816,0.000660717906624364,0.025704433598591064,0.7262270710462096,188,False,False
competitive_moat,競爭優勢,alpha_60,0.14103568155476265,-0.08275649526930534,0.004889183662021068,0.06992269775989178,0.3469267537594861,183,False,False
competitive_moat,競爭優勢,alpha_180,0.31220655796468927,-0.12613462763993943,0.0034366538590452356,0.05862298063937939,0.4449362392932855,172,False,False
innovation_momentum,創新動能,R_1,0.03101273615428109,-0.03036719449271946,0.005846241572792454,0.07646071914906635,0.2969890014330873,188,False,False
innovation_momentum,創新動能,R_3,0.08609154449026314,-0.07334484409965018,0.013966150171393577,0.11817846746084426,0.10625874853479947,188,False,False
innovation_momentum,創新動能,R_5,0.08276602936501988,-0.06978788181866083,0.00926420841622666,0.0962507580033859,0.18885460842383883,188,False,False
innovation_momentum,創新動能,R_10,0.0888166486504798,-0.06876634414153447,0.005554362159850168,0.07452759327826435,0.3094056193912817,188,False,False
innovation_momentum,創新動能,R_20,0.1863441470881105,-0.15162361474918293,0.012948573941644503,0.11379180085421135,0.11997380484690932,188,False,False
innovation_momentum,創新動能,R_60,0.6260269167469692,-0.48725905198136776,0.034257306086279304,0.18508729315185124,0.012128991022885874,183,True,True
innovation_momentum,創新動能,R_180,1.3230326786748376,-0.9318523083122765,0.02530099500055505,0.159062864932563,0.03714503317909934,172,True,True
innovation_momentum,創新動能,alpha_1,0.02245092367041113,-0.02289194200345686,0.004499096595322549,0.06707530540610718,0.360408483842141,188,False,False
innovation_momentum,創新動能,alpha_3,0.08713822942031041,-0.0781872277817937,0.02237034791797954,0.149567202012941,0.040499016117790686,188,True,True
innovation_momentum,創新動能,alpha_5,0.06386754373790297,-0.0594659862108398,0.009189816493546332,0.0958635305710488,0.19064811623332392,188,False,False
innovation_momentum,創新動能,alpha_10,0.08513229311741868,-0.07661224784603804,0.007945897251534606,0.08913976246061489,0.22379655974460874,188,False,False
innovation_momentum,創新動能,alpha_20,0.15813196178753644,-0.1442321082408813,0.015622230485286659,0.12498892145020929,0.0874434570591758,188,False,True
innovation_momentum,創新動能,alpha_60,0.506919547824704,-0.42375129106653353,0.03330007672531787,0.18248308613490163,0.013418421159002577,183,True,True
innovation_momentum,創新動能,alpha_180,1.1163361222959811,-0.8744458325149331,0.02303692526925749,0.15177919906646437,0.04685804518278331,172,True,True
management_consistency,言行一致,R_1,-0.010467232747360982,0.007065379925051411,0.0019053408355083068,-0.04365021002822486,0.5519815158747113,188,False,False
management_consistency,言行一致,R_3,0.011799451720239634,-0.003942537940722757,0.000750570842357412,0.027396548000756187,0.7089941540529644,188,False,False
management_consistency,言行一致,R_5,0.0667749458197418,-0.04988816472626589,0.0172521604578858,0.1313474798307363,0.0723789833871914,188,False,True
management_consistency,言行一致,R_10,0.049451189643209166,-0.028655425903451787,0.004926190956149323,0.07018682893641356,0.3385087230362372,188,False,False
management_consistency,言行一致,R_20,0.04871321638336081,-0.020977291283046647,0.0025316074457838456,0.050315081693103995,0.49289029853957855,188,False,False
management_consistency,言行一致,R_60,-0.06685437902570938,0.14552290945461752,0.0011363924888572186,-0.03371042107208471,0.650527027475939,183,False,False
management_consistency,言行一致,R_180,-0.09591999906461131,0.3650678914723401,0.00038883461912486705,-0.019718889905989245,0.7973717473783514,172,False,False
management_consistency,言行一致,alpha_1,-0.012313235478037279,0.008206653126691955,0.0038718059750171285,-0.06222383767509976,0.39626948577071813,188,False,False
management_consistency,言行一致,alpha_3,0.011529392624339628,-0.007591853449968868,0.0011204189848588175,0.033472660259664645,0.6483749586771547,188,False,False
management_consistency,言行一致,alpha_5,0.03526422221823198,-0.03037255965553072,0.00801543977073127,0.08952898843799958,0.22177275393826082,188,False,False
management_consistency,言行一致,alpha_10,0.01801373397255557,-0.013343375036095574,0.001017827301632801,0.031903405799899004,0.6638305073787772,188,False,False
management_consistency,言行一致,alpha_20,0.02772262005401056,-0.021864663813014603,0.0013736768961735146,0.03706314741321316,0.6135809175900938,188,False,False
management_consistency,言行一致,alpha_60,-0.10513443446568493,0.13170916286078624,0.004166376985227704,-0.06454747853500835,0.38533705593586093,183,False,False
management_consistency,言行一致,alpha_180,-0.22254855374013388,0.33915897197309025,0.0026769129278545467,-0.051738891830560824,0.500277636087078,172,False,False
