transcript_symbol,price_symbol,benchmark,company_name,fiscal_year,fiscal_quarter,report_date,R_1,R_bench_1,alpha_1,R_3,R_bench_3,alpha_3,R_5,R_bench_5,alpha_5,R_10,R_bench_10,alpha_10,R_20,R_bench_20,alpha_20,R_60,R_bench_60,alpha_60,R_180,R_bench_180,alpha_180
AAPL,AAPL,SPY,Apple,2020,1,2020-01-28,-0.001449014715857344,0.0032451210463890767,-0.004694135762246421,-0.04834424038362739,-0.007653946180679605,-0.040690294202947785,-0.00891013776520344,0.019104704433782205,-0.028014842198985646,0.011212128279519229,0.0330659840257026,-0.02185385574618337,-0.1546861510630776,-0.08912519450022527,-0.06556095656285232,-0.12548053686048888,-0.12854697404731308,0.0030664371868242,0.5049157109437643,0.08053114472718437,0.42438456621657994
AAPL,AAPL,SPY,Apple,2020,2,2020-04-30,0.014149052988658983,0.002758238704633875,0.011390814284025108,0.03999056686108582,0.005162643340071549,0.03482792352101427,0.07575839498571213,0.03412432583398428,0.04163406915172785,0.06736436503975596,0.012341225179226756,0.0550231398605292,0.11641242740682944,0.080483750105804,0.03592867730102545,0.29387308015251623,0.1407168978777822,0.15315618227473404,0.7798967750702106,0.3560107239663415,0.4238860511038691
AAPL,AAPL,SPY,Apple,2020,3,2020-07-30,0.02519777187418648,0.006952186332927601,0.01824558554125888,0.035785118297134044,0.017119599409593622,0.018665518887540422,0.04755163539177487,0.02465395213642707,0.0228976832553478,0.08333045628333635,0.031605834783181797,0.051724621500154555,0.1766663046275856,0.07368621059279645,0.10298009403478914,0.08467395219691287,0.04357673881339075,0.041097213383522124,0.25898428626909253,0.27693577411984416,-0.017951487850751624
AAPL,AAPL,SPY,Apple,2020,4,2020-10-29,-0.0008266910025094276,0.011208645586368915,-0.012035336588878343,0.05594341887693899,0.052060980935946466,0.0038824379409925225,0.09218045021597776,0.07233405506246138,0.019846395153516383,0.0974255202082348,0.09664966590622304,0.0007758543020117692,0.09549327797419993,0.10877687278223558,-0.013283594808035648,0.26149639733951613,0.16138832508701673,0.1001080722524994,0.34224025754182286,0.34520745108366246,-0.002967193541839608
AAPL,AAPL,SPY,Apple,2021,1,2021-01-27,-0.037420287400259156,-0.020019712582422966,-0.01740057481783619,-0.015318323941018397,0.010380270194676022,-0.02569859413569442,0.0021883483411997418,0.02266764679788591,-0.020479298456686168,-0.012824057754725504,0.034636868501588536,-0.04746092625631404,-0.11414970175012928,0.007229191150415204,-0.12137889290054449,-0.015819145673202417,0.10949250951382972,-0.12531165518703213,0.05358128739568113,0.18324437438767127,-0.12966308699199014
AAPL,AAPL,SPY,Apple,2021,2,2021-04-28,-0.015133332120538467,-0.0065704799859737095,-0.008562852134564758,-0.04217855900021894,-0.010569909350105156,-0.031608649650113785,-0.028019198933366463,-0.0023567510283657445,-0.025662447905000718,-0.06216455708830648,-0.023282503492188855,-0.03888205359611763,-0.05983827967792077,-0.0018330977204590315,-0.05800518195746174,0.11809315790060526,0.053332284782146466,0.0647608731184588,0.29602189603257645,0.116948460908876,0.17907343512370044
AAPL,AAPL,SPY,Apple,2021,3,2021-07-27,0.004552294755691744,0.00414732665084494,0.00040496810484680346,0.0037245753798522685,-0.0028257661184445393,0.006550341498296808,0.01358806047432326,0.00034176370257221755,0.013246296771751043,0.00757708965971049,0.011279909148001366,-0.003702819488290876,0.024846575800562043,0.022970157386452472,0.0018764184141095708,0.03258342727385499,0.03694654875064396,-0.004363121476788967,0.1803152086558324,0.020165394335940112,0.16014981431989228
AAPL,AAPL,SPY,Apple,2021,4,2021-10-28,-0.005607556330968766,0.0017200851128622574,-0.007327641443831023,0.011281830812777116,0.01191066867716728,-0.0006288378643901638,0.011353657072040502,0.020206847074020873,-0.008853190001980371,0.0027295020991198182,0.017463108793881243,-0.014733606694761425,0.07125425536705832,0.011649259284681301,0.059604996082377015,0.06757725127890346,-0.05301570513416387,0.12059295641306733,0.025928549864312034,-0.13096532805217553,0.15689387791648757
AAPL,AAPL,SPY,Apple,2022,1,2022-01-27,0.02612584075868085,0.01801114255349101,0.00811469820518984,0.0323487595633869,0.034845824938891434,-0.002497065375504537,0.013383477506987429,0.015273413164071048,-0.001889935657083619,-0.008660489583152131,-0.0033711966800282767,-0.0052892929031238545,-0.029352559742272577,-0.012037342508824711,-0.017315217233447866,-0.07826107256409998,-0.055565709933907526,-0.02269536263019245,-0.16045744962314057,-0.1603866126855521,-7.083693758846987e-05
AAPL,AAPL,SPY,Apple,2022,2,2022-04-28,0.0019665332726128693,0.006019528006382391,-0.004052994733769522,0.053092150561746765,0.041408090496128036,0.011684060065618729,-0.000881171286065574,-0.0016017893575370756,0.0007206180714715016,-0.06548623960153677,-0.02495137411186521,-0.04053486548967156,-0.0494143470886278,0.00791274392786967,-0.05732709101649747,-0.003994116304731121,-0.022396949437843428,0.018402833133112306,-0.13846075577231398,-0.03735637672319747,-0.10110437904911651
AAPL,AAPL,SPY,Apple,2022,3,2022-07-28,-0.0061535152096779955,-0.002961115551238569,-0.0031923996584394265,0.02227546477910125,0.005971101083541708,0.016304363695559543,0.018889146298087356,0.003592372292295254,0.015296774005792102,0.060482740808936564,0.036675712679429706,0.023807028129506858,0.008228864910600153,-0.0162139217559647,0.024442786666564853,-0.0790868231657178,-0.07661269768375001,-0.0024741254819677927,0.029061115737778254,0.018024605217069167,0.011036510520709086
AAPL,AAPL,SPY,Apple,2022,4,2022-10-27,-0.015410439341455917,-0.007223122937527693,-0.008187316403928224,-0.06876859572447536,-0.036373251599790435,-0.03239534412468492,-0.10999405614860569,-0.03256887348219062,-0.07742518266641507,-0.037188108587912994,0.02439469711879072,-0.061582805706703714,-0.07243322290858645,0.01771151012223693,-0.09014473303082338,-0.07410549822706514,0.04521264745685083,-0.11931814568391597,0.2457540749184528,0.1765048782488845,0.0692491966695683
AAPL,AAPL,SPY,Apple,2023,1,2023-02-02,-0.017928944099777744,-0.006111340013261635,-0.01181760408651611,-0.016699202228165788,-0.004122709154611437,-0.012576493073554351,-0.021096871548720197,-0.010452374726639513,-0.010644496822080685,-0.011113936412260439,-0.012343963425682447,0.0012300270134220082,-0.0028164149416999296,-0.019110048511043587,0.016293633569343657,0.09253930507893937,0.00014035214492125192,0.09239895293401812,0.12451811277821712,0.03098516783545735,0.09353294494275977
AAPL,AAPL,SPY,Apple,2023,2,2023-05-04,-0.00040338389411098685,0.000266381829223894,-0.0006697657233348808,-5.7524344837855956e-05,0.0005330710812165851,-0.000590595426054441,-0.004386119812597289,-0.0025204824262542447,-0.0018656373863430442,0.010556475350506078,0.014516426290241746,-0.003959950939735668,0.036056972824607625,0.035067561533357106,0.0009894112912505193,0.11105828384455974,0.0949324584491229,0.016125825395436832,0.12513087903263487,0.18967047199693687,-0.064539592964302
AAPL,AAPL,SPY,Apple,2023,3,2023-08-03,-0.01725394915296996,0.008728691476250994,-0.025982640629220954,-0.020880261612299056,-0.0023723751414628236,-0.018507886470836232,-0.021759233816204593,-0.002596042689599787,-0.019163191126604806,-0.03991636343343119,-0.02307459931475564,-0.01684176411867555,0.04245203005799536,0.009802974559177668,0.03264905549881769,-0.0630259085296404,-0.06659218624527319,0.003566277715632782,-0.0792952185458039,0.14382841623010356,-0.22312363477590746
AAPL,AAPL,SPY,Apple,2023,4,2023-11-02,0.014605305611514963,0.002300518127209328,0.012304787484305635,0.03532404751692497,0.005889274256136057,0.029434773260788916,0.05658417656893899,0.013618991985995033,0.04296518458294396,0.07523315040652534,0.037038037642537436,0.038195112763987904,0.07375921406841046,0.05061089178938394,0.023148322279026523,0.05919166136203402,0.12996261531290987,-0.07077095395087585,0.23606122542434438,0.25151720698760105,-0.015455981563256671
AAPL,AAPL,SPY,Apple,2024,1,2024-02-01,0.009846668936886127,-0.0036412271095206394,0.013487896046406767,0.01915545348324521,0.007585657228997178,0.011569796254248033,0.01743876940280642,0.01385650441816888,0.00358226498463754,-0.017795893446794553,0.010437858765120156,-0.02823375221191471,-0.056639956332149466,0.03631014623202078,-0.09295010256417024,-0.08233861912865881,0.018589325795122846,-0.10092794492378165,0.27725252568825187,0.19173359492521902,0.08551893076303285
AAPL,AAPL,SPY,Apple,2024,2,2024-05-02,-0.009106767949631278,0.01032691693235055,-0.019433684881981828,-0.0034899565090493745,0.011539507032875873,-0.015029463541925248,-0.0004455227898425562,0.018678399681876234,-0.01912392247171879,0.036795346008146046,0.03551807427510245,0.0012772717330435945,0.05951129861244753,0.03229085923622166,0.02722043937622587,0.21267978347558825,0.08077025180763542,0.13190953166795283,0.22406639213192991,0.2041277097717289,0.01993868236020102
AAPL,AAPL,SPY,Apple,2024,3,2024-08-01,-0.04816695683214689,-0.0291236453632302,-0.01904331146891669,-0.0456653067950058,-0.026721613248739118,-0.018943693546266682,-0.016464912310763302,0.0001689842456396029,-0.016633896556402905,0.029344398997269705,0.040176384469213566,-0.010831985471943861,0.04277759317752916,0.05775939988022594,-0.014981806702696776,0.06281331385017785,0.09328515079885102,-0.03047183694867317,-0.06628012283815765,0.014244377882453252,-0.0805245007206109
AAPL,AAPL,SPY,Apple,2024,4,2024-10-31,-0.0040376085539231,-0.002154124044861594,-0.001883484509061506,-0.0008524598206306466,0.035023800464944355,-0.035876260285575,0.019288936060965822,0.047544898074866504,-0.028255962013900682,0.010486454694571767,0.025759837636123217,-0.01527338294155145,0.07601086286820902,0.05707128563201769,0.01893957723619133,0.0598880584931305,0.05744871157835951,0.00243934691477099,-0.037136986269278305,0.12612532826210954,-0.16326231453138784
AAPL,AAPL,SPY,Apple,2025,1,2025-01-30,-0.03385607783198885,-0.006729648336339378,-0.027126429495649473,-0.014957678765051163,0.003987764462822563,-0.018945443227873726,-0.035466092662509885,-0.0017446855357883262,-0.03372140712672156,0.037580187885337235,0.013093732733971741,0.024486455151365494,0.009710536027803585,-0.029992396517008024,0.03970293254481161,-0.10405840623613882,-0.07615654738081101,-0.02790185885532781,0.1151310124702365,0.12522370599317023,-0.010092693522933738
AAPL,AAPL,SPY,Apple,2025,2,2025-05-01,-0.03145853051229541,-0.00573418616503818,-0.025724344347257233,-0.044314685906507334,-0.009898205478471755,-0.03441648042803558,-0.03321159172734223,-0.004269786362542605,-0.028941805364799622,0.030129144415078413,0.0484156019795321,-0.018286457564453684,-0.01648653695257507,0.045786675377833985,-0.062273212330409056,0.01935293010487471,0.12276046987583422,-0.10340753977095951,0.21011360344158225,0.21986213684513345,-0.009748533403551196
AAPL,AAPL,SPY,Apple,2025,3,2025-07-31,0.004792959023176335,0.01519971367995021,-0.010406754656773876,0.05371075626309363,0.01778936566545397,0.03592139059763966,0.13326418077434843,0.02486657950999871,0.10839760126434972,0.14563102390709237,0.0349354022564039,0.11069562165068847,0.14835182619777854,0.03752495523774124,0.1108268709600373,0.3297512247278176,0.10522390534805659,0.224527319379761,,,
AAPL,AAPL,SPY,Apple,2025,4,2025-10-30,-0.004882257880291285,0.0018767772528909266,-0.006759035133182212,-0.0008506518988129486,-0.006568270404957888,0.005717618506144939,-0.007027434145723599,-0.016259583114980436,0.009232148969256837,0.008521899027778002,-0.014852045173328277,0.023373944201106278,0.04809869914267595,-0.00262437429133755,0.0507230734340135,-0.04379047862457208,0.020571293011691028,-0.06436177163626311,,,
MSFT,MSFT,SPY,Microsoft,2020,1,2019-10-23,0.005645433165525349,0.00409507262905251,0.001550360536472839,0.02065183785234015,0.009454954480386357,0.011196883371953792,0.024510472537804695,0.009854473761269578,0.014655998776535117,0.030870347911180485,0.026001487918843047,0.004868859992337438,0.0718067545856369,0.03295955861610356,0.038847195969533344,0.1881081521828889,0.10853003829731933,0.07957811388556957,0.5021711027876297,0.07797429871015371,0.42419680407747595
MSFT,MSFT,SPY,Microsoft,2020,2,2020-01-29,-0.014758658416666792,-0.018157819296602762,0.0033991608799359696,0.04248168230788196,0.004211737650568148,0.038269944657313815,0.06279689689028989,0.019226345943578416,0.04357055094671147,0.06326003646198664,0.02862560976591566,0.034634426696070975,-0.05977278566519628,-0.09588582081954622,0.03611303515434994,0.010101812397149912,-0.11884156424963599,0.1289433766467859,0.2814408190037876,0.07570498555068661,0.20573583345310098
MSFT,MSFT,SPY,Microsoft,2020,3,2020-04-29,-0.025891479246884286,-0.02647366159936171,0.0005821823524774228,0.008649316404175433,-0.014768645469192099,0.023417961873367532,0.02449676073039142,-0.00963935781958647,0.03413611854997789,0.0073658347565108695,-0.018968649743598465,0.026334484500109334,0.02539149596378687,0.04764534496002337,-0.022253848996236503,0.14066040997374318,0.11760640557510604,0.02305400439863714,0.1959006748877974,0.30982794600030417,-0.11392727111250678
MSFT,MSFT,SPY,Microsoft,2020,4,2020-07-22,-0.006122104374022053,-0.006440339153532593,0.00031823477951054,-0.0025675713617405727,-0.005542265544451586,0.002974694182711013,0.006714486997834168,0.0030964349906261734,0.0036180520072079947,0.06818418907841006,0.03520561126625421,0.03297857781215585,0.062006089123926245,0.04743640154851425,0.014569687575411994,0.08714818384108325,0.0796390184173148,0.007509165423768449,0.2727985254497145,0.28935143631394156,-0.016552910864227055
MSFT,MSFT,SPY,Microsoft,2021,1,2020-10-27,0.010065301461928744,0.010163654715107162,-9.835325317841814e-05,-0.0017266967101381425,0.01083728104498749,-0.012563977755125633,0.06764385610955359,0.05167461752002911,0.01596923858952448,0.06843332707570027,0.0918694692773887,-0.023436142201688437,0.0579730141746031,0.11020633585674444,-0.05223332168214134,0.14929106484913057,0.17989985300957478,-0.03060878816044421,0.37664183035528076,0.315068055508664,0.06157377484661675
MSFT,MSFT,SPY,Microsoft,2021,2,2021-01-26,0.025890706025865073,0.008600234106101778,0.017290471919763295,0.028982526856425217,0.004861260746024332,0.024121266110400885,0.04336617638756057,0.01987143864407237,0.023494737743488203,0.04259347781083567,0.04185252891588598,0.000740948894949689,-0.014523804228250947,0.021153514958038633,-0.03567731918628958,0.12387930134799663,0.11670361657941908,0.0071756847685775504,0.2805841603977437,0.17367891986537098,0.10690524053237271
MSFT,MSFT,SPY,Microsoft,2021,3,2021-04-27,-0.008053069361655174,0.006372812298449881,-0.014425881660105055,-0.010606451126055405,0.0019166423407146471,-0.012523093466770052,-0.031780248375486986,-0.003952976975946432,-0.027827271399540554,-0.061124992207110096,-0.028725367869844254,-0.03239962433726584,-0.009778624455918816,0.004001041769166491,-0.013779666225085307,0.14055175034866552,0.057449248392667185,0.08310250195599833,0.2578580128586745,0.13977108789962567,0.11808692495904882
MSFT,MSFT,SPY,Microsoft,2021,4,2021-07-27,0.0009778996453908562,0.004147326343047819,-0.003169426697656963,-0.004891271993457513,-0.002825914340292557,-0.0020653576531649565,0.0010132641150517596,0.0003418378929902488,0.0006714262220615108,0.002550565371443936,0.011279982526636312,-0.008729417155192376,0.05718745153321603,0.022970155681704352,0.034217295851511675,0.08781674065305434,0.03694632336128034,0.050870417291773995,0.010742595106865593,0.020165170192002924,-0.00942257508513733
MSFT,MSFT,SPY,Microsoft,2022,1,2021-10-26,0.0036511883315633042,0.00964905091431456,-0.005997862582751257,0.01918476132088398,0.013437841535037354,0.005746919785846627,0.03351159392921588,0.023747560042583604,0.009764033886632273,0.023609639380228975,0.021324444715252744,0.002285194664976231,0.04752336479279573,0.034145315117273256,0.013378049675522474,-0.08125104306016973,-0.02765728472913842,-0.053593758331031305,-0.2083538597121678,-0.14935128278074827,-0.059002576931419526
MSFT,MSFT,SPY,Microsoft,2022,2,2022-01-25,0.010549340026997589,-0.00493796361757437,0.01548730364457196,0.04809434060765039,0.038141926499280165,0.009952414108370222,0.056452329482558516,0.055309432457778085,0.0011428970247804315,0.04886953853562592,0.05574768410021402,-0.006878145564588101,-0.005091844333948825,-0.01172194377703939,0.006630099443090565,-0.07452841948478528,-0.013882895369081272,-0.06064552411570401,-0.20538414168350916,-0.1457676767654147,-0.05961646491809447
MSFT,MSFT,SPY,Microsoft,2022,3,2022-04-26,0.02263287806116887,0.025259266936605185,-0.002626388875436314,0.004413674650080468,-0.006686169701755951,0.011099844351836419,0.023868372804858318,0.028255054933342683,-0.004386682128484365,-0.08004378588025107,-0.058762844128982805,-0.021280941751268267,-0.07092911610665442,-0.047690926126747746,-0.023238189979906676,-0.08398813515145165,-0.04790973048728453,-0.03607840466416712,-0.14916543956300998,-0.03249511400047256,-0.11667032556253742
MSFT,MSFT,SPY,Microsoft,2022,4,2022-07-26,0.028540911763259125,0.012542595613630692,0.015998316149628433,0.034494449922821246,0.02426198430261861,0.010232465620202635,0.05109045724016292,0.033438247309904634,0.01765220993025829,0.07598405831387267,0.04725228565832773,0.02873177265554494,0.028412202440206924,0.03149316972859717,-0.003080967288390246,-0.11940436510817909,-0.08510090750536359,-0.0343034576028155,0.07269371397251545,0.041402480045979795,0.031291233926535655
MSFT,MSFT,SPY,Microsoft,2023,1,2022-10-25,-0.019756199456287038,-0.005340075496060304,-0.014416123960226734,0.003501630555132751,0.010967957537902917,-0.007466326982770166,-0.04850424620479621,-0.018716466519174912,-0.029787779685621296,-0.02943973775345765,-0.020653593764492828,-0.008786143988964823,0.07330852052799597,0.05340033639378228,0.01990818413421369,0.04929152077387933,0.05239945941258006,-0.0031079386387007357,0.5657794819289361,0.2033881477279691,0.36239133420096703
MSFT,MSFT,SPY,Microsoft,2023,2,2023-01-24,0.030713610074831976,0.010990383722365271,0.019723226352466705,0.008727891309647795,0.0005995463167818293,0.008128344992865966,0.05045525194434375,0.026102131522332428,0.02435312042201132,0.10855771607497333,0.02572729580120381,0.08283042027376952,0.06150258458356084,0.0007744007399388408,0.060728183843622,0.19062281610726695,0.033528554307764136,0.1570942617995028,0.3857263667092776,0.09522497140625252,0.2905013953030251
MSFT,MSFT,SPY,Microsoft,2023,3,2023-04-25,0.032027725244075045,0.0199082099465131,0.012119515297561945,0.03449896279943987,0.02757442599453408,0.00692453680490579,0.030571635904262928,0.009051325272914301,0.021520310631348627,0.05735164351311517,0.02099631398287416,0.03635532953024101,0.06488846854875585,0.01664350569960571,0.04824496284915014,0.17095294791193916,0.12742910755940562,0.04352384035253354,0.3235444897325448,0.1922174131310801,0.1313270766014647
MSFT,MSFT,SPY,Microsoft,2023,4,2023-07-25,-0.02087206357690996,-0.006630074840737077,-0.014241988736172884,-0.005476837899256792,0.0050052435058596245,-0.010482081405116417,-0.03040514849526077,-0.011811084519598891,-0.01859406397566188,-0.046007376404071265,-0.021426617865542452,-0.024580758538528813,-0.029835730855385267,-0.027398020417869873,-0.0024377104375153946,-0.017018850400235097,-0.060538475693875826,0.04351962529364073,0.25657968081603366,0.13352000339046977,0.1230596774255639
MSFT,MSFT,SPY,Microsoft,2024,1,2023-10-24,-0.037514364070580175,-0.011974384070046473,-0.025539980000533702,-0.009862940401148435,-0.004693840926673576,-0.005169099474474859,0.0158510857342693,0.012238219401812467,0.003612866332456832,0.06613439519786923,0.047180076096775325,0.01895431910109391,0.11138903587125593,0.08973794418061742,0.021651091690638502,0.17330430919834683,0.16591042417241364,0.007393885025933189,0.32702983663423524,0.3668965454838842,-0.039866708849648935
MSFT,MSFT,SPY,Microsoft,2024,2,2024-01-30,0.015594414363458098,0.013088120238723633,0.002506294124734465,0.02029783377857486,0.020025674007638772,0.0002721597709360868,0.041425820537353886,0.03151910432935878,0.009906716207995103,0.031860946564914006,0.03249252949757486,-0.0006315829326608569,0.042318359920039184,0.052186758404574984,-0.0098683984845358,0.023873066548567135,0.05582999204116157,-0.031956925492594435,0.05386983869640383,0.21736564524776303,-0.1634958065513592
MSFT,MSFT,SPY,Microsoft,2024,3,2024-04-25,-0.010016832879242932,0.0035413680238436385,-0.01355820090308657,-0.028007644611728444,-0.015562977509462339,-0.012444667102266105,0.000836725189386156,0.00596157038474332,-0.005124845195357164,0.02072252272492081,0.024751197354371257,-0.004028674629450446,0.06058242692552995,0.04167157933918442,0.018910847586345536,0.05747582156278641,0.06830389204827303,-0.010828070485486618,0.05509223766564353,0.1775942032247919,-0.12250196555914838
MSFT,MSFT,SPY,Microsoft,2024,4,2024-07-30,-0.002964005045832274,-0.014161027407078808,0.011197022361246534,-0.05545595033069839,-0.06069237220912227,0.00523642187842388,-0.047615643144734654,-0.0583686137089362,0.010752970564201547,-0.0035616117503836087,-0.012817584194029674,0.009255972443646066,-0.016756128999059428,0.013598261149565971,-0.0303543901486254,0.0170802546693245,0.054840519577850744,-0.03776026490852624,-0.13658362967222648,-0.05821083776480651,-0.07837279190741997
MSFT,MSFT,SPY,Microsoft,2025,1,2024-10-30,0.00989284667930157,0.004220559958140857,0.005672286721160713,0.012575326745142945,0.014174150078169134,-0.0015988233330261892,0.046954532247809544,0.04742904648603341,-0.0004745142382238665,0.050547558726596664,0.04345453744885175,0.007093021277744915,0.04419242495894027,0.05963358734922419,-0.015441162390283925,0.02330661465165207,0.06759342204933105,-0.044286807397678984,0.26460111016152776,0.12612130987808134,0.13847980028344642
MSFT,MSFT,SPY,Microsoft,2025,2,2025-01-29,0.0001687694914656035,-0.005321847370101107,0.005490616861566711,-0.006313374874536648,-0.005387959817959476,-0.0009254150565771724,0.0020000632607157787,0.0021155983314691262,-0.00011553507075334757,-0.010723136804861588,0.007751530999523082,-0.01847466780438467,-0.04145641017416446,-0.01794912022855666,-0.0235072899456078,-0.05553310740644879,-0.08682549824070274,0.03129239083425395,0.24437243216810356,0.10771467791519829,0.13665775425290527
MSFT,MSFT,SPY,Microsoft,2025,3,2025-04-30,0.023225259769653617,0.014844239670051884,0.008381020099601733,0.018594289469944236,0.0005908512569268165,0.01800343821301742,0.030018935053936158,0.011800001547599193,0.018218933506336965,0.06714129841237293,0.057281509395585184,0.009859789016787746,0.08416817254103459,0.055365692158204416,0.028802480382830176,0.2071251580029554,0.1408634719061006,0.06626168609685479,0.07418111349451872,0.22384529756463167,-0.14966418407011295
MSFT,MSFT,SPY,Microsoft,2025,4,2025-07-30,-0.01760072429505677,-0.016390466901213152,-0.0012102573938436167,-0.010778008467062561,-0.00650235429397672,-0.004275654173085841,-0.02373002978810712,0.00026896756963945556,-0.023998997357746576,-0.02065617146129728,0.02036129297638234,-0.04101746443767962,-0.04315317130514762,0.026642104467705208,-0.06979527577285283,-0.016924574423146654,0.07443302571181953,-0.09135760013496619,,,
GOOGL,GOOGL,SPY,Alphabet,2020,1,2020-04-28,0.003367488888134984,-0.009311378296397499,0.012678867184532483,-0.014364842398127076,-0.032877981066554596,0.01851313866842752,0.0024212494990834,-0.030558911411810885,0.032980160910894285,0.004581838989601961,-0.039596965123375405,0.044178804112977366,0.05666890722704521,0.03328604312278438,0.023382864104260825,0.12370162888433844,0.09918466846090168,0.024516960423436762,0.2896331594377264,0.30716452351055645,-0.01753136407283007
GOOGL,GOOGL,SPY,Alphabet,2020,2,2020-07-30,-0.003488188744346088,0.006952084400452696,-0.010440273144798784,-0.005954715377508801,0.017119901362740997,-0.023074616740249798,0.007002950422866361,0.024654050869453492,-0.01765110044658713,0.01120995254611623,0.03160583158376373,-0.020395879037647502,0.10180432290974673,0.07368630436235013,0.028118018547396595,0.06474666015957209,0.0435766331734595,0.02117002698611259,0.5316441770377796,0.27693564485727773,0.2547085321805018
GOOGL,GOOGL,SPY,Alphabet,2020,3,2020-10-29,0.005080385894943973,0.011208445078528362,-0.006128059183584389,0.08027936934177937,0.05206098618467947,0.028218383157099902,0.08886786512887745,0.0723342639929887,0.016533601135888754,0.09662100599199364,0.09665007892610888,-2.9072934115248472e-05,0.08556985532985473,0.10877698456794693,-0.023207129238092206,0.14670450816539216,0.16138803890119058,-0.014683530735798422,0.5784697192645791,0.345207284249228,0.23326243501535115
GOOGL,GOOGL,SPY,Alphabet,2020,4,2021-02-02,-0.002550052228770028,0.011365804066765683,-0.013915856295535711,0.012453230797212278,0.022679154010285085,-0.010225923213072807,0.013405297123378679,0.021552892729000073,-0.008147595605621394,0.022793772540213197,0.023229020883265727,-0.00043524834305253,-0.012118315070512753,-0.013486890847519528,0.0013685757770067752,0.14309711562236904,0.09641677384992842,0.046680341772440626,0.3771467167759974,0.1963744156430387,0.18077230113295872
GOOGL,GOOGL,SPY,Alphabet,2021,1,2021-04-27,0.014293955825013915,0.006372969360179281,0.007920986464834634,-0.006765524890184671,0.0019169556164655432,-0.008682480506650214,-0.018766066972168205,-0.003952977285391124,-0.014813089686777081,-0.06731129553550619,-0.028725291837078837,-0.03858600369842735,0.009016352067378941,0.004001120363801958,0.005015231703576983,0.1277043936683886,0.057449331171304685,0.07025506249708391,0.1990510434882533,0.13977117712253428,0.059279866365719025
GOOGL,GOOGL,SPY,Alphabet,2021,2,2021-07-27,-0.0023253595093977175,0.004147252127265411,-0.006472611636663128,-0.00910745082718134,-0.0028256916929458864,-0.006281759134235454,-0.007116368812644547,0.0003418378929902488,-0.007458206705634796,0.0013594931191063253,0.011280130958200685,-0.00992063783909436,0.043977104082955965,0.022970081465921943,0.02100702261703402,0.04255882696069513,0.03694632336128034,0.0056125035994147865,-0.04555669807541174,0.020165170192002924,-0.06572186826741466
GOOGL,GOOGL,SPY,Alphabet,2021,3,2021-10-26,-0.0025202128923325073,0.009648907881711466,-0.012169120774043973,-0.018605825214523808,0.013437984567640227,-0.032043809782164034,0.002602599611382983,0.023747774591488247,-0.021145174980105264,-0.002215708211704248,0.02132451623155429,-0.02354022444325854,-0.0006667747619703013,0.034145601182479224,-0.034812375944449525,-0.10541480660848812,-0.02765728472913842,-0.0777575218793497,-0.2543300639238869,-0.14935121126444684,-0.10497885265944007
GOOGL,GOOGL,SPY,Alphabet,2021,4,2022-02-01,-0.033175669277006326,-0.023504955911496594,-0.009670713365509731,-0.05945266549138495,-0.022061829228500196,-0.03739083626288475,-0.043297479235840264,0.00041563632924646043,-0.043713115565086724,-0.06933788061129209,-0.023504955911496594,-0.045832924699795496,-0.09527370623632181,-0.04731605103895287,-0.04795765519736894,-0.228989915716727,-0.0963594402603768,-0.1326304754563502,-0.32452703641782943,-0.19177697899586477,-0.13275005742196466
GOOGL,GOOGL,SPY,Alphabet,2022,1,2022-04-26,0.0369921753301099,0.025259421514041147,0.011732753816068753,0.020022873861884616,-0.006686246990473932,0.026709120852358548,0.06970147476710697,0.028254977644624812,0.04144649712248216,-0.0060545132331678575,-0.058762844128982805,0.05270833089581495,-0.07427739130826905,-0.04769100341546573,-0.02658638789280332,-0.05935977819905458,-0.04790973048728453,-0.01145004771177005,-0.19401182137012052,-0.032494959423036596,-0.16151686194708392
GOOGL,GOOGL,SPY,Alphabet,2022,2,2022-07-26,0.01026023088921435,0.01254251554292507,-0.00228228465371072,0.015920843815540264,0.024262064373324232,-0.008341220557783968,0.04440114917307514,0.033438327380610255,0.010962821792464883,0.058729820156795176,0.04725220558762211,0.011477614569173067,0.0055722987373725275,0.03149324979930279,-0.025920951061930264,-0.1157791532928163,-0.08510098757606921,-0.030678165716747086,-0.03705991314864232,0.041402480045979795,-0.07846239319462212
GOOGL,GOOGL,SPY,Alphabet,2022,3,2022-10-25,-0.028547236782705987,-0.005339992676753669,-0.023207244105952318,-0.004424314435465315,0.01096804308761068,-0.015392357523075995,-0.08385120774246513,-0.018716134799299677,-0.06513507294316545,-0.08016421151884068,-0.020653262368944603,-0.059510949149896075,0.037185342220912077,0.05340051276118363,-0.01621517054027155,0.02917937431106865,0.05239980303916392,-0.023220428728095266,0.30369747377553025,0.20338843292072117,0.10030904085480907
GOOGL,GOOGL,SPY,Alphabet,2022,4,2023-02-02,-0.017942396329941657,-0.006111340485065675,-0.011831055844875982,-0.05163199924587847,-0.004122709472890396,-0.04750928977298807,-0.09744231505924683,-0.010452221130765937,-0.0869900939284809,-0.0995419181322923,-0.012343809975842168,-0.08719810815645013,-0.09209783082862488,-0.01910989558355458,-0.0729879352450703,0.005153677965128667,0.0001405065585682319,0.005013171406560435,0.30272959411785183,0.030985324630367295,0.27174426948748454
GOOGL,GOOGL,SPY,Alphabet,2023,1,2023-04-25,0.03741182071063531,0.019908131518948213,0.0175036891916871,0.033651413075267644,0.027574504422098967,0.006076908653168678,0.01639179623216025,0.009051325272914301,0.007340470959245948,0.07752367611184319,0.020996157127744164,0.05652751898409902,0.16575054726473692,0.016643584127170596,0.14910696313756633,0.17182514319596387,0.1274291859869705,0.044395957208993364,0.37546985625107876,0.1922174915586452,0.18325236469243356
GOOGL,GOOGL,SPY,Alphabet,2023,2,2023-07-25,0.0010055468721827943,-0.006630005937484418,0.007635552809667212,0.026688349378563903,0.005005382579309714,0.02168296679925419,-0.0068848243589653135,-0.01181101597571732,0.004926191616752007,0.003016759630262378,-0.02142648062548902,0.024443240255751397,0.023980906391786183,-0.027397883592011563,0.051378789983797746,0.06559916918906317,-0.06053834116674339,0.12613751035580656,0.22015930461714905,0.13351994328870043,0.08663936132844863
GOOGL,GOOGL,SPY,Alphabet,2023,3,2023-10-24,-0.026510754243555423,-0.011974460376024565,-0.014536293867530858,-0.009155431234106448,-0.004693916683676358,-0.00446151455043009,0.006687306433291962,0.012238295727684534,-0.005550989294392572,0.04959778298678019,0.04718023046044362,0.002417552526336575,0.10253967849584877,0.08973795094713433,0.012801727548714448,0.1706075499069264,0.16591043668256944,0.0046971132243569524,0.46589514750325134,0.36689695016437485,0.09899819733887649
GOOGL,GOOGL,SPY,Alphabet,2023,4,2024-01-30,0.007566166344308511,0.013088251815188245,-0.005522085470879734,0.025553216889044883,0.020025871423441366,0.005527345465603517,0.03882936801426795,0.031519303237889096,0.007310064776378855,0.04168452512532772,0.03249259865590681,0.009191926469420908,-0.011705814714140006,0.05218702493566241,-0.06389283964980241,0.22733771204620434,0.05583006423048431,0.17150764781572003,0.16583466290313043,0.21736580335510292,-0.05153114045197249
GOOGL,GOOGL,SPY,Alphabet,2024,1,2024-04-25,-0.03373082960103668,0.0035414297461646704,-0.03727225934720135,-0.04704863517254576,-0.015562916962144624,-0.03148571821040114,-0.02739156953837507,0.0059615092468956465,-0.03335307878527072,-0.019191626461174338,0.024751075867659456,-0.043942702328833794,0.017679530724219683,0.0416717664157078,-0.023992235691488117,0.005107036246724261,0.06830358872671516,-0.0631965524799909,0.14137182514697533,0.1775942756521478,-0.03622245050517248
GOOGL,GOOGL,SPY,Alphabet,2024,2,2024-07-23,-0.030991256602947215,-0.005210392736331837,-0.025780863866615378,-0.017957612951123525,0.006522231246973043,-0.024479844198096568,-0.006314260229560942,0.01770055078103505,-0.024014811010595993,-0.07930266467977376,-0.041701219538874845,-0.037601445140898915,-0.03927478408562868,0.03582586872311233,-0.07510065280874101,-0.05493741109277328,0.07927566893631344,-0.13421308002908672,-0.08642619209124036,-0.004125848987386882,-0.08230034310385348
GOOGL,GOOGL,SPY,Alphabet,2024,3,2024-10-29,-0.019202012145393188,-0.019603058576731835,0.0004010464313386475,-0.029920827898742064,-0.01758593784813034,-0.012334890050611724,0.011750592706553542,0.019016807089947463,-0.007266214383393921,0.02533523074496502,0.02962010732269138,-0.00428487657772636,-0.02997818305037392,0.032447568357801826,-0.062425751408175745,0.12136860299828456,0.04107766584286532,0.08029093715541924,0.0942232542239827,0.10368039107141014,-0.009457136847427439
GOOGL,GOOGL,SPY,Alphabet,2024,4,2025-02-04,0.0014111510820187245,0.003475819346756559,-0.0020646682647378345,-0.025401039955773808,0.0010427355560116425,-0.02644377551178545,-0.040349162346870915,-0.00142314188366921,-0.038926020463201705,-0.035383894305881625,0.010195033053436164,-0.04557892735931779,-0.09920024356437229,-0.052149690299853835,-0.04705055326451846,-0.14169806029820609,-0.05917552462408482,-0.08252253567412127,0.32705319157459556,0.12152250254073915,0.2055306890338564
GOOGL,GOOGL,SPY,Alphabet,2025,1,2025-04-24,-0.008335402183533569,0.00038130205064490497,-0.008716704234178474,-0.01951106940426761,0.007082509010096771,-0.026593578414364383,0.012780861777423658,0.029274826508127516,-0.01649396473070386,-0.056865900880110565,0.024880155005281734,-0.0817460558853923,0.040195001973049704,0.05170336965176503,-0.011508367678715326,0.17597116681449565,0.15517379009753762,0.020797376716958027,1.0801296408028564,0.27090630598026477,0.8092233348225917
GOOGL,GOOGL,SPY,Alphabet,2025,2,2025-07-23,0.005255803722633567,0.004224252618048929,0.0010315511045846382,0.018629402132530615,0.0013240629201063392,0.017305339212424276,-0.001405012109127357,-0.0036883986202657093,0.0022833865111383522,0.0226362531482458,-0.0034205201325091528,0.026056773280754952,0.03944419296677437,0.0017811348345653233,0.03766305813220905,0.3192827347528133,0.05014343772412144,0.2691392970286919,0.6757781164768168,0.09063335361745595,0.5851447628593609
GOOGL,GOOGL,SPY,Alphabet,2025,3,2025-10-29,-0.0010302871863107077,0.0032800997320787673,-0.004310386918389475,-0.013997466514037993,-0.00675170715882123,-0.007245759355216763,0.011617166560417225,-0.014003537429731927,0.025620703990149152,-0.01033826423641937,-0.011458769458775442,0.0011205052223560719,0.1374874281078846,0.005236530061155209,0.1322508980467294,0.19450682139141096,0.025954755246213823,0.16855206614519713,,,
GOOGL,GOOGL,SPY,Alphabet,2025,4,2026-02-04,-0.02532829146093707,0.019184711840951385,-0.044513003301888454,-0.03824910360361855,0.021398335911785304,-0.059647439515403855,-0.06716980290158425,0.00538652437718623,-0.07255632727877048,-0.04911695322217757,0.01742864293527502,-0.06654559615745259,-0.09880753374923623,-0.007733007438929351,-0.09107452631030688,,,,,,
AMZN,AMZN,SPY,Amazon,2020,1,2020-04-30,0.013101236487597756,0.0027582390284424108,0.010342997459155345,0.028529697915977037,0.005162878739852772,0.023366819176124265,0.04093101813187627,0.03412432984007263,0.006806688291803642,0.05412850478767828,0.012341461421750965,0.04178704336592731,0.0809259666667379,0.08048399434804598,0.0004419723186919189,0.3124572814787443,0.14071714919120604,0.17174013228753826,0.36513789538661334,0.3560108831577311,0.009127012228882236
AMZN,AMZN,SPY,Amazon,2020,2,2020-07-30,-0.01668096589563972,0.006952287561652115,-0.023633253457291836,0.012750116369076414,0.01711990309576672,-0.004369786726690306,0.0008784937121162351,0.024654154593875877,-0.02377566088175964,-0.005264308478390101,0.031606239698079186,-0.03687054817646929,0.0749270276449725,0.07368610936407194,0.0012409182809005603,0.013385312645883163,0.043576536355942164,-0.030191223710059,0.05372109589342289,0.27693577411984416,-0.22321467822642127
AMZN,AMZN,SPY,Amazon,2020,3,2020-10-29,-0.010430948040659138,0.011208443948504954,-0.021639391989164092,0.0675230398349318,0.05206108175487856,0.01546195808005324,0.09064770864107397,0.07233405506246138,0.018313653578612588,0.030518986303550877,0.09664976672515513,-0.06613078042160425,0.043439868865324804,0.10877687278223558,-0.06533700391691077,0.06635707663273038,0.1613879218112888,-0.09503084517855842,0.18083757569714543,0.3452072494457983,-0.16436967374865286
AMZN,AMZN,SPY,Amazon,2020,4,2021-02-02,0.005575845147329783,0.011365974790258582,-0.0057901296429287985,0.003142660305432754,0.022678980364045254,-0.0195363200586125,-0.00783389522021194,0.021552805029070754,-0.029386700249282693,0.004739601960403794,0.023228675490576833,-0.01848907353017304,-0.10111909366973948,-0.013486975539296564,-0.08763211813044292,0.04675886438967525,0.09641676557258472,-0.04965790118290947,0.030952237496381763,0.19637439878436935,-0.1654221612879876
AMZN,AMZN,SPY,Amazon,2021,1,2021-04-29,-0.023340170719312603,0.0021566999421518407,-0.025496870661464444,-0.05678002246427183,-0.00371424696688627,-0.05306577549738556,-0.050703385887853614,0.011550293296784808,-0.06225367918463842,-0.0705192781367997,-0.001725422593859216,-0.06879385554294049,-0.07047025525869377,0.0065658609370149446,-0.07703611619570871,0.045846776486128116,0.0554669023606249,-0.009620125874496788,-0.0647916985344712,0.12479575400090392,-0.18958745253537512
AMZN,AMZN,SPY,Amazon,2021,2,2021-07-29,0.0011690369463182027,-0.0020981257387073793,0.003267162685025582,0.00815299407631076,0.0010719380101509302,0.00708105606615983,0.005213939630664299,0.009076009191053336,-0.0038620695603890365,-0.010103406623368838,0.016898044754767305,-0.027001451378136143,0.006623442166787452,0.02677238150565664,-0.020148939338869187,-0.0021697846640731377,0.04218710706561102,-0.044356891729684156,-0.08170776790980283,0.008612044890532689,-0.09031981280033552
AMZN,AMZN,SPY,Amazon,2021,3,2021-10-28,-0.01610709978002456,0.0017202973026619883,-0.017827397082686547,0.0034307083690661155,0.011910598829722785,-0.00847989046065667,0.04345820326331751,0.02020698988123626,0.02325121338208125,0.045284861818338795,0.017463251407143332,0.027821610411195463,0.05608419098780271,0.01164947217636847,0.04443471881143424,-0.17642475702391658,-0.05301563819240973,-0.12340911883150685,-0.27191969905470015,-0.13096519593123113,-0.14095450312346902
AMZN,AMZN,SPY,Amazon,2021,4,2022-02-03,0.0018777353189827206,-0.0032092345666978606,0.005086969885680581,0.0225197564393671,0.01970155099065063,0.002818205448716471,-0.027569188917847987,-0.018364057495709796,-0.00920513142213819,-0.03195896026952505,-0.0322486545396552,0.0002896942701301475,-0.12805479243082651,-0.06523278270024158,-0.06282200973058494,-0.21178698763011972,-0.06914728174688722,-0.1426397058832325,-0.23991129856736892,-0.1458511025327084,-0.09406019603466054
AMZN,AMZN,SPY,Amazon,2022,1,2022-04-28,0.0017580913238786078,0.006019528006382391,-0.004261436682503783,0.013252137453901414,0.041407855664086224,-0.02815571821018481,-0.07651181028648246,-0.0016017893575370756,-0.07491002092894539,-0.09033123437483215,-0.02495129583451794,-0.06537993854031421,-0.07350250846770912,0.00791274392786967,-0.08141525239557879,-0.02664516039920628,-0.02239710599253797,-0.004248054406668311,-0.23190500818762627,-0.0373562984458502,-0.19454870974177607
AMZN,AMZN,SPY,Amazon,2022,2,2022-07-28,0.0032604850044939404,-0.0029611934937920914,0.006221678498286032,0.0338644492594653,0.005971101083541708,0.027893348175923594,0.04334943487074927,0.003592372292295254,0.03975706257845402,0.0637273530788891,0.03667563473687596,0.027051718342013142,-0.031122616103896772,-0.016213999698518222,-0.01490861640537855,-0.11211558055255699,-0.07661277562630353,-0.03550280492625346,-0.2419414200432085,0.018024527274515645,-0.25996594731772416
AMZN,AMZN,SPY,Amazon,2022,3,2022-10-27,-0.009380148789788212,-0.007223040730472197,-0.0021571080593160152,-0.10917706716670517,-0.03637333380684593,-0.07280373335985924,-0.12020113978325175,-0.03256879127513501,-0.08763234850811674,-0.02533606666471888,0.02439494373995732,-0.0497310104046762,-0.09148057614210725,0.01771151012223693,-0.10919208626434418,-0.040518347287724854,0.04521281187096182,-0.08573115915868668,0.2567450160673965,0.17650504266299571,0.08023997340440081
AMZN,AMZN,SPY,Amazon,2022,4,2023-02-02,-0.011703250716856073,-0.006111263755458007,-0.0055919869613980655,-0.032304829844355676,-0.004122786992581173,-0.028182042851774503,-0.05590481490877708,-0.01045222193769213,-0.04545259297108495,-0.05987041762209355,-0.012343810928801657,-0.047526606693291895,-0.09323918605819825,-0.019109974260277274,-0.07412921179792098,0.002321287021823437,0.00014066097223897067,0.0021806260495844665,0.22410289491949764,0.03098532702247825,0.1931175678970194
AMZN,AMZN,SPY,Amazon,2023,1,2023-04-27,-0.032242712137328766,-0.0010099534472914895,-0.031232758690037277,-0.017069658363733975,-0.01901779091783007,0.0019481325540960936,0.0019915288757217375,-0.00793407411835323,0.009925602994074967,0.04561408560636715,-0.010434635288319338,0.05604872089468649,0.13902327251185143,0.009833207476735772,0.12919006503511565,0.21526787676801917,0.09922834554894622,0.11603953121907296,0.4386914282067804,0.1483787525191651,0.2903126756876153
AMZN,AMZN,SPY,Amazon,2023,2,2023-08-03,0.01898684357254843,0.00872847933504195,0.010258364237506479,-0.01232357333554901,-0.0023722337139900906,-0.009951339621558919,-0.008311267473209427,-0.0025962548308089417,-0.0057150126424004855,-0.0454969246276864,-0.02307459931475564,-0.022422325312930758,-0.010389139005079318,0.009802903845441246,-0.020192042850520564,-0.049150965467931074,-0.0665922569590095,0.017441291491078426,0.28637947885941184,0.14382841623010356,0.14255106262930828
AMZN,AMZN,SPY,Amazon,2023,3,2023-10-26,0.03890722509168976,0.011955741011919763,0.026951484079769994,0.0724910152739,0.029171121828287072,0.043319893445612934,0.08501650556881901,0.058464063433988356,0.026552442134830656,0.12384531046959713,0.07287912265840957,0.05096618781118756,0.15648973068786343,0.10665248681390982,0.04983724387395361,0.2349303478792535,0.19316430820051034,0.04176603967874315,0.43846878873415407,0.3597462223411032,0.07872256639305086
AMZN,AMZN,SPY,Amazon,2023,4,2024-02-01,-0.008730574595861018,-0.003641164139858266,-0.005089410456002752,-0.0074500832168415965,0.007585785054538219,-0.015035868271379815,0.015365807736235526,0.01385669647084975,0.0015091112653857763,-0.013386898809386372,0.010438050384100617,-0.02382494919348699,0.03358363514610452,0.036310341133242385,-0.0027267059871378674,0.01856703618378397,0.018589455016624568,-2.2418832840598313e-05,0.10045986852271893,0.1917337461123565,-0.09127387758963756
AMZN,AMZN,SPY,Amazon,2024,1,2024-04-30,0.031955314082140474,0.009353469116733182,0.02260184496540729,0.0541899270851518,0.032417229286165306,0.021772697798986496,0.05027932960893855,0.03365639478810767,0.01662293482083088,0.039050310017676226,0.05881875177160878,-0.019768441753932553,0.0017877504146299739,0.04448900292160407,-0.0427012525069741,0.02346367010191175,0.09227022254810135,-0.0688065524461896,0.2888827190718837,0.2169353701530552,0.07194734891882848
AMZN,AMZN,SPY,Amazon,2024,2,2024-08-01,-0.04097671157906757,-0.0291236453632302,-0.011853066215837371,-0.03055384044377174,-0.026721730192853732,-0.0038321102509180083,-0.005717638415579596,0.00016886730152498863,-0.005886505717104584,0.05455630729657335,0.040176384469213566,0.014379922827359781,0.0631328558001667,0.057759633768455165,0.005373222031711533,0.12203696389528629,0.09328503385473641,0.028751930040549878,0.0756403375146113,0.014244377882453252,0.06139595963215805
AMZN,AMZN,SPY,Amazon,2024,3,2024-10-31,-0.01086239567545566,-0.002153906914272974,-0.008708488761182687,0.04627900773539606,0.03502391688576201,0.011255090849634053,0.051785986860465316,0.047545126019928885,0.004240860840536431,0.023644763844539618,0.025760060840771093,-0.002115296996231475,0.06456835502954927,0.05707140685035306,0.007496948179196217,0.20082858319058494,0.05744894167848513,0.1433796415120998,0.16930233418699703,0.12612557330622054,0.04317676088077649
AMZN,AMZN,SPY,Amazon,2024,4,2025-02-06,0.017412199866636335,0.006791089057172517,0.010621110809463818,-0.0009600751759238912,0.004310845510119066,-0.005270920686042957,-0.002051063640505446,0.014864248820869008,-0.016915312461374454,-0.07174334549641637,-0.005925621758942512,-0.06581772373747385,-0.15103644570021757,-0.06689751978737357,-0.084138925912844,-0.19262492064297465,-0.06706242959768294,-0.1255624910452917,-0.009513387448598531,0.1505971848040144,-0.16011057225261294
AMZN,AMZN,SPY,Amazon,2025,1,2025-05-01,-0.01910722026349243,-0.00573418616503818,-0.01337303409845425,-0.0066848565229638,-0.009898205478471755,0.0032133489555079553,0.016212242869359184,-0.004269786362542605,0.020482029231901788,0.08216654890727937,0.0484156019795321,0.03375094692774727,0.08774607086975994,0.045786675377833985,0.041959395491925955,0.2116538984006222,0.12276046987583422,0.08889342852478799,0.21754923023752637,0.21986213684513345,-0.0023129066076070792
AMZN,AMZN,SPY,Amazon,2025,2,2025-07-31,-0.01443541840985152,0.01519971367995021,-0.02963513208980173,0.03520371389333521,0.01778936566545397,0.017414348227881238,0.03697323604845759,0.02486657950999871,0.012106656538458882,0.07580907464166176,0.0349354022564039,0.04087367238525785,0.06635622817229336,0.03752495523774124,0.02883127293455212,0.05690338170292497,0.10522390534805659,-0.04832052364513162,,,
AMZN,AMZN,SPY,Amazon,2025,3,2025-10-30,0.04004585509136338,0.0018767772528909266,0.038169077838472454,0.024486101456264064,-0.006568270404957888,0.031054371861221952,0.0007779970537078462,-0.016259583114980436,0.017037580168688282,-0.039022187911155415,-0.014852045173328277,-0.02417014273782714,-0.04233885957827965,-0.00262437429133755,-0.0397144852869421,-0.010195747607559147,0.020571293011691028,-0.030767040619250174,,,
AMZN,AMZN,SPY,Amazon,2025,4,2026-02-05,-0.00760748406141476,0.004821832103010459,-0.01242931616442522,-0.029669100779103674,0.0019403950621659227,-0.0316094958412696,-0.0548212896375182,-0.012843508237108225,-0.041977781400409975,-0.024011044484098854,-0.011916733869181129,-0.012094310614917725,0.015072261594488268,-0.01788236753719774,0.03295462913168601,,,,,,
NVDA,NVDA,SPY,NVIDIA,2020,1,2019-05-16,-0.03053712670686959,-0.006612080753902849,-0.02392504595296674,-0.027662340882648517,-0.0007349258425336513,-0.026927415040114866,-0.07270167508230074,-0.010705372365982457,-0.061996302716318286,-0.14436380433632456,-0.03942756850122775,-0.10493623583509681,-0.07241044021454524,0.012349503756169167,-0.0847599439707144,-0.001928594734375344,0.028452213701881002,-0.030380808436256346,0.5833373637702106,0.16785796316624202,0.4154794006039686
NVDA,NVDA,SPY,NVIDIA,2020,2,2019-08-16,-0.01703923833704446,-0.007662669993722893,-0.009376568343321567,0.004098736034813699,0.0001021781592684956,0.003996557875545204,-0.031209440118119436,-0.014812142686379093,-0.016397297431740343,-0.03775307764829583,-0.005438738138943577,-0.03231433950935225,0.06130268802056715,0.029384870182417977,0.031917817838149176,0.22858362377894004,0.06190635613886042,0.16667726764007962,0.7477642721616469,-0.01257448712849274,0.7603387592901396
NVDA,NVDA,SPY,NVIDIA,2020,3,2019-11-14,0.03961980194747183,0.0007376981514386483,0.038882103796033185,0.034232830271986314,-0.003271853823400006,0.03750468409538632,0.03281218645525197,-0.002662235742024399,0.03547442219727637,0.025536469341879142,-0.00048099985975769144,0.026017469201636834,0.10346266553871541,0.024728279207664405,0.07873438633105101,0.3270957970671955,0.0863634225707004,0.2407323744964951,1.2149935813267172,0.081441703710329,1.1335518776163882
NVDA,NVDA,SPY,NVIDIA,2020,4,2020-02-13,0.02339643324558649,-0.002577045020688673,0.025973478266275163,0.06525440902138224,-0.0019254887488091565,0.0671798977701914,-0.056972070330126634,-0.04496440575881977,-0.012007664571306864,-0.04553150736646816,-0.08444909171354353,0.038917584347075374,-0.3218623790946816,-0.2895439115988392,-0.03231846749584244,0.07763117311753986,-0.14586591155907513,0.223497084676615,0.7324234022514446,-0.01887999781594618,0.7513034000673908
NVDA,NVDA,SPY,NVIDIA,2021,1,2020-05-22,-0.02208100383953948,0.014878897841987593,-0.036959901681527074,0.01809539906511648,0.017520315416072574,0.000575083649043906,0.01233164194155223,0.030092357482945253,-0.017760715541393024,0.03812709632476752,0.07258892112034032,-0.034461824795572804,0.08449029648941475,0.047957446936045534,0.03653284955336922,0.39302504338302957,0.13251966216584465,0.2605053812171849,0.6953661839594207,0.3208561984788427,0.374509985480578
NVDA,NVDA,SPY,NVIDIA,2021,2,2020-08-20,0.002897224763647399,0.010133276991913354,-0.0072360522282659545,0.007056284130988688,0.023830570705155374,-0.016774286574166686,0.036602559372396426,0.0326967499341575,0.0039058094382389275,-0.004511639677258872,0.009101995333333557,-0.013613635010592429,-0.012812480241393365,-0.0329946844012321,0.020182204159838735,0.06589630170190741,0.07229097487370639,-0.006394673171798981,0.12900214113503838,0.23426606618916024,-0.10526392505412185
NVDA,NVDA,SPY,NVIDIA,2021,3,2020-11-18,-0.026227066105010577,-0.006847632313669361,-0.019379433791341216,-0.03589978085505885,0.015204783938604027,-0.05110456479366288,-0.01331839196713891,0.016462824049766622,-0.029781216016905532,0.009077499237829523,0.03373584727878898,-0.024658348040959455,-0.012226831350076517,0.03626158916083244,-0.04848842051090896,0.10365369931565871,0.09672269141082124,0.006931007904837472,0.484596182719631,0.2507190575225775,0.2338771251970535
NVDA,NVDA,SPY,NVIDIA,2021,4,2021-02-24,0.03058443346320927,-0.005152828430971201,0.03573726189418047,0.0074208502649733,0.011011569577588531,-0.0035907193126152315,-0.07043008863206435,-0.014725392408330151,-0.055704696223734196,-0.023258379540261442,0.029294220184233444,-0.052552599724494886,-0.05770588971326007,0.022615015199887845,-0.08032090491314792,0.12695314423080162,0.08884759942089948,0.03810554480990214,1.2153765703833375,0.22447947189874906,0.9908970984845884
NVDA,NVDA,SPY,NVIDIA,2022,1,2021-05-26,0.048844240089903845,0.001788772007315531,0.047055468082588314,0.08330638293800763,0.002480387915868576,0.08082599502213905,0.13495953428235352,0.007894474140851315,0.1270650601415022,0.15117076035918364,0.011972709108998503,0.13919805125018514,0.22903938790760092,0.020786662247598287,0.20825272566000264,0.41806763967933613,0.07019788475411248,0.34786975492522365,0.5471105153456755,0.061017823273159744,0.4860926920725157
NVDA,NVDA,SPY,NVIDIA,2022,2,2021-08-18,0.051419299350307535,0.00795707222212716,0.043462227128180375,0.10076774810979128,0.018437718123121005,0.08233002998667027,0.11465816722480615,0.014550142616009287,0.10010802460879686,0.13142485354810596,0.030305244832108613,0.10111960871599734,0.10636742621351547,0.006715980123275456,0.09965144609024001,0.5352741289193812,0.06571864763461344,0.46955548128476776,-0.0562802845966317,-0.055622057616971365,-0.0006582269796603368
NVDA,NVDA,SPY,NVIDIA,2022,3,2021-11-18,-0.031196040506785594,-0.002815070065189218,-0.028380970441596376,-0.009428435435313243,0.001172928551473662,-0.010601363986786905,0.011853747876678256,-0.009149202729148098,0.021002950605826354,-0.0892623802830107,-0.021540246764337967,-0.06772213351867273,-0.15954550569682446,-0.026256678253325894,-0.13328882744349857,-0.19617268382198272,-0.04419145578219985,-0.15198122803978287,-0.45108012570783673,-0.09445470869435624,-0.3566254170134805
NVDA,NVDA,SPY,NVIDIA,2022,4,2022-02-16,-0.035295819526966365,-0.00647497643441064,-0.028820843092555726,-0.08650593183131494,-0.03457174653307338,-0.051934185298241564,-0.014281625710919066,0.001578885231971583,-0.01586051094289065,-0.06394446311721191,-0.011188242334568055,-0.05275622078264386,0.07958986804375501,0.020228398394838365,0.05936146964891664,-0.29542828266601373,-0.08174407936542594,-0.2136842033005878,-0.42197686379130306,-0.12893543491141668,-0.2930414288798864
NVDA,NVDA,SPY,NVIDIA,2023,1,2022-05-25,0.05377851432735703,0.024549221576764202,0.029229292750592828,0.026272690664091325,0.010559731577481246,0.01571295908661008,0.04868038712669098,0.012903686282135896,0.03577670084455509,-0.048927870068886326,-0.038267061723318285,-0.01066080834556804,-0.054811156171370334,-0.0371108391076167,-0.017700317063753634,-0.03732956913776386,0.02176421381596505,-0.05909378295372891,0.2878023236421783,0.031397519138225416,0.25640480450395287
NVDA,NVDA,SPY,NVIDIA,2023,2,2022-08-24,-0.09227945309148866,-0.033849052678295743,-0.05843040041319292,-0.13649303161120274,-0.050773693835502565,-0.08571933777570018,-0.2219617242536276,-0.05504033290501098,-0.1669213913486166,-0.19660169065468658,-0.030774071969643324,-0.16582761868504325,-0.30108203649000276,-0.11930231648495693,-0.18177972000504583,-0.13953121670527746,-0.0520922644241526,-0.08743895228112486,0.6174806851948587,-0.0031206782961030743,0.6206013634909617
NVDA,NVDA,SPY,NVIDIA,2023,3,2022-11-16,-0.017095207230018117,0.004540205437603806,-0.021635412667621923,0.023027412013608473,0.014356604948426499,0.008670807065181974,0.03782585355581736,0.020520479352245546,0.01730537420357181,0.07675672027512448,0.03213771075005778,0.0446190095250667,0.05729628173821544,-0.023361656687462262,0.0806579384256777,0.4524347598486178,0.054892762894686475,0.39754199695393133,1.7158588485020925,0.1444186054812131,1.5714402430208794
NVDA,NVDA,SPY,NVIDIA,2023,4,2023-02-22,-0.015973474205223437,-0.01068257651509641,-0.005290897690127028,-0.018931516018819927,-0.010981879346873114,-0.007949636671946814,-0.01479028975431973,-0.007113269078966478,-0.007677020675353252,-0.009466605215952106,-0.02271245276962386,0.013245847553671752,0.14924027358477776,-0.014949091901542366,0.16418936548632013,0.32138731765694617,0.048813614266423944,0.2725737033905222,0.9847322085012415,0.09483164315029935,0.8899005653509422
NVDA,NVDA,SPY,NVIDIA,2024,1,2023-05-24,0.025434527113203043,0.012950731054129472,0.01248379605907357,-0.0038441111833688035,0.007717498278406065,-0.011561609461774869,0.03546596942745883,0.03200314001614668,0.0034628294113121516,0.020906118097119286,0.03677802037645317,-0.015871902279333883,0.06993700780594136,0.04435716398783285,0.025579843818108516,0.20254662941346724,0.06059949712017332,0.14194713229329392,0.8996252597280723,0.20507006757581525,0.694555192152257
NVDA,NVDA,SPY,NVIDIA,2024,2,2023-08-23,-0.024277311692341152,0.0070498358495167945,-0.03132714754185795,0.034370287649045705,0.028084934170579334,0.006285353478466371,0.04647721246812431,0.030808698225485376,0.01566851424263893,-0.03365431587703227,0.019753237665427026,-0.053407553542459296,-0.11766787635811027,-0.011334034734699294,-0.10633384162341097,0.04535488927773779,0.03545543406224505,0.009899455215492736,0.9171523928715599,0.20510327349243784,0.7120491193791221
NVDA,NVDA,SPY,NVIDIA,2024,3,2023-11-21,-0.019295418895408978,0.0006153401610513587,-0.019910759056460337,-0.018371794564384203,-0.0001976865894662838,-0.01817410797491792,-0.039945674872638226,0.003032901151377443,-0.04297857602401567,-0.04343338127372243,0.007054719606448101,-0.05048810088017053,0.005712961661323401,0.04306730705958395,-0.03735434539826055,0.3851290135579306,0.09715157634815919,0.2879774372097714,1.384539122664238,0.20366084841659404,1.180878274247644
NVDA,NVDA,SPY,NVIDIA,2024,4,2024-02-21,0.003552347454690352,0.0006895540531597355,0.0028627934015306167,0.0020752645476287412,-0.0011232440082789008,0.003198508555907642,0.007308430482768635,0.0011427690155187964,0.006165661467249839,0.17998093867082954,0.014403894423342889,0.16557704424748665,0.16426792977538063,0.03216256817610419,0.13210536159927644,0.1775615787368492,0.04649256415432346,0.13106901458252573,0.8960497558040581,0.18468278011140749,0.7113669756926506
NVDA,NVDA,SPY,NVIDIA,2025,1,2024-05-22,0.0257225773822205,0.0066165101077051425,0.01910606727451536,0.10622431185916859,0.0002661486495481036,0.10595816320962048,0.056204642760407486,0.0026807433428366334,0.05352389941757085,0.16463532078869658,0.01530538982515739,0.1493299309635392,0.13796536135285753,0.0352325418848316,0.10273281946802593,0.22602761940069582,0.06567488355550832,0.1603527358451875,0.26370205165357596,0.1582754756203557,0.10542657603322025
NVDA,NVDA,SPY,NVIDIA,2025,2,2024-08-28,0.01513736026912249,0.009545986638498372,0.005591373630624119,-0.09677684240153794,-0.013253236351427833,-0.08352360605011011,-0.12552079384483084,-0.03221997903447882,-0.09330081481035202,0.012927800044244542,0.006555185394853558,0.006372614649390984,0.03248908429603059,0.02663706075536587,0.005852023540664719,0.20726374667257974,0.06982465038118324,0.1374390962913965,0.14306595744017914,0.0718451935560489,0.07122076388413023
NVDA,NVDA,SPY,NVIDIA,2025,3,2024-11-20,-0.032181159001723025,0.003099278746608425,-0.03528043774833145,-0.06647579112137303,0.011757375294452421,-0.07823316641582545,-0.0574077456546932,0.014957643539304177,-0.07236538919399738,-0.028773395654094758,0.023818033040624353,-0.05259142869471911,-0.08154861055820695,-0.0008935215917117434,-0.0806550889664952,-0.08338961247789034,0.013962713840030005,-0.09735232631792035,0.241303011805871,0.09654554171133145,0.14475747009453954
NVDA,NVDA,SPY,NVIDIA,2025,4,2025-02-26,0.03970033175713383,0.015605610136830705,0.024094721620303128,-0.03462339127580816,-0.013998670885653985,-0.020624720390154172,-0.07973369739447833,-0.02109204344398319,-0.05864165395049514,-0.03794731458642031,-0.057482237463137964,0.019534922876717653,-0.072490671017852,-0.02779931876274888,-0.04469135225510312,0.0928178699767892,-0.007175291216065527,0.09999316119285473,0.5555613005611395,0.1587535959803552,0.3968077045807843
META,META,SPY,Meta,2020,1,2020-04-29,-0.011919244642229598,-0.02647331873254022,0.01455407409031062,0.011528602445991076,-0.014768759758132632,0.02629736220412371,0.03199622519440837,-0.009639243530645936,0.0416354687250543,0.010258414320221787,-0.01896842116571751,0.029226835485939295,0.0995553139583818,0.04764523067108284,0.05191008328729896,0.14063802688429639,0.11760651986404635,0.02303150702025003,0.22788330375721166,0.3098277174224233,-0.08194441366521166
META,META,SPY,Meta,2020,2,2020-07-30,-0.006740922788389336,0.006952287561652115,-0.013693210350041451,-0.01793669151227051,0.01711990309576672,-0.03505659460803723,0.05822533288883691,0.024654154593875877,0.033571178294961035,0.029841944905844908,0.031606138469354894,-0.001764193563509986,0.15764594162704726,0.07368621059279645,0.0839597310342508,0.09240366410062739,0.043576536355942164,0.04882712774468523,0.19308574058274752,0.27693577411984416,-0.08385003353709664
META,META,SPY,Meta,2020,3,2020-10-30,0.01507515453263153,0.01765602902109631,-0.0025808744884647794,0.1274872145621131,0.060690462410312396,0.0667967521518007,0.0666131375625798,0.07377348529827432,-0.007160347735694517,0.06734028764499156,0.09803154453987539,-0.030691256894883834,0.09638074844561229,0.10847985706800989,-0.012099108622397603,-0.011593095333977121,0.12552252280545906,-0.13711561813943618,0.34370250841477046,0.3330826839030523,0.010619824511718168
META,META,SPY,Meta,2020,4,2021-01-27,-0.025170069132585904,-0.020019540702345462,-0.005150528430240442,0.007848853539290435,0.010380357904760995,-0.0025315043654705605,0.005622506647006809,0.022667735574625647,-0.01704522892761884,0.020339585798734072,0.034636871508379796,-0.014297285709645724,-0.027849125129934094,0.007229278586958099,-0.03507840371689219,0.14354726164671217,0.10949286625470012,0.03405439539201205,0.2397357306972172,0.18324447710391345,0.05649125359330376
META,META,SPY,Meta,2021,1,2021-04-28,-0.013444117644313525,-0.006570635046264983,-0.0068734825980485414,-0.03383800151400451,-0.010570219670678727,-0.023267781843325785,-0.028800342751213237,-0.0023567508450442753,-0.02644359190616896,-0.07359406196590967,-0.023282579466833542,-0.05031148249907613,0.009832815441726206,-0.0018332531492508686,0.011666068590977074,0.13034496341466828,0.05333220284796747,0.07701276056670081,-0.009195290717808002,0.1169483740262689,-0.1261436647440769
META,META,SPY,Meta,2021,2,2021-07-29,-0.012208732640667797,-0.002098051624591868,-0.010110681016075929,0.007353208398482414,0.001071938089763691,0.006281270308718723,0.020235695958618516,0.009076084135071216,0.0111596118235473,0.019309444800912567,0.01689812027972737,0.0024113245211851986,0.045832340253399106,0.02677245776398296,0.019059882489416147,-0.07749087970638957,0.04218703592890205,-0.11967791563529162,-0.4084479284992806,0.008612045530148826,-0.4170599740294294
META,META,SPY,Meta,2021,3,2021-10-25,-0.011367869552908028,-0.004430102023851967,-0.00693776752905606,0.02457165724554633,0.007215496364590734,0.017356160880955596,0.03885220006803736,0.013027437640124928,0.02582476242791243,0.06193581990140706,0.02504597883567361,0.03688984106573345,0.0678887486782822,0.02682254793130312,0.04106620074697909,-0.04002420361657666,-0.03605854276478493,-0.00396566085179173,-0.47848403473859813,-0.1460689101191459,-0.3324151246194522
META,META,SPY,Meta,2021,4,2022-02-02,-0.0028180177462416856,0.004702043011321377,-0.007520060757563063,-0.07394017261911034,0.009717811501475992,-0.08365798412058634,-0.040755245314304855,0.006090374234438478,-0.046845619548743334,-0.1263879794933066,-0.02136158306557534,-0.10502639642773126,-0.15856330252430817,-0.032310899269347826,-0.12625240325496034,-0.11200359263628579,-0.06903807682732055,-0.04296551580896524,-0.4531880669160202,-0.15220872226370863,-0.3009793446523116
META,META,SPY,Meta,2022,1,2022-04-27,-0.0255673996928778,-0.036955694311715304,0.011388294618837502,0.030622663515860182,-0.02671741655325688,0.05734008006911706,0.0123949196497255,-0.032724811627192874,0.04511973127691837,-0.07043193173375561,-0.08291041970576352,0.012478487972007901,-0.06853631992670806,-0.052593390719573474,-0.015942929207134582,-0.22641314799160006,-0.08235317708577938,-0.14405997090582068,-0.3420501775374748,-0.058060203159864154,-0.28398997437761064
META,META,SPY,Meta,2022,2,2022-07-29,0.0016257415456535362,-0.006597576448350018,0.008223317994003554,0.06652924421240058,0.008277067566606178,0.05825217664579441,0.06452819839912483,0.005404484219396988,0.05912371417972784,0.1310574426115254,0.044039033862649735,0.08701840874887568,-0.004752123214419979,-0.019816416079775023,0.015064292865355045,-0.1401862886148474,-0.0590812830236469,-0.08110500559120049,0.3487151670426121,0.020875674348829865,0.3278394926937822
META,META,SPY,Meta,2022,3,2022-10-26,0.012864876985104523,0.023790805600496068,-0.010925928615391545,-0.02797647339242626,0.011948004554554359,-0.03992447794698062,-0.09219926643437137,-0.023606489053406565,-0.06859277738096481,0.14222989316836188,0.03871261877370924,0.10351727439465264,0.13753311353685937,0.05881877668855218,0.0787143368483072,0.44476157232831803,0.05844635626806283,0.3863152160602552,2.2265673295890367,0.21253928193808092,2.0140280476509558
META,META,SPY,Meta,2022,4,2023-02-01,-0.011866243516038932,-0.010629232118351206,-0.0012370113976877262,0.015097796284190945,-0.0038148403514709495,0.018912636635661895,-0.05747743526140814,-0.023249712368904718,-0.03422772289250342,-0.08650739753239622,-0.020394520714518194,-0.06611287681787803,-0.01864715194513944,-0.03020770008854834,0.0115605481434089,0.2882341890413156,0.0007577741741304767,0.2874764148671851,0.6350584900704723,0.021797636486998284,0.613260853583474
META,META,SPY,Meta,2023,1,2023-04-26,0.00737764748026648,0.008535226919876182,-0.0011575794396097017,0.0028504693591948627,-0.003806925286697793,0.006657394645892656,-0.021126723791659252,-0.017652023636817504,-0.0034747001548417478,-0.01161125652399897,-0.0006787672350512253,-0.010932489288947744,0.05923043000134154,0.005431675814555392,0.053798754186786146,0.23436449740348664,0.10844035176244948,0.12592414564103716,0.5403254903631793,0.16465468995324528,0.37567080040993406
META,META,SPY,Meta,2023,2,2023-07-26,0.04417577360368696,0.009790315066457778,0.034385458537229185,0.03528926994719672,0.008817777385510261,0.02647149256168646,0.004748000460206514,-0.008066448734807219,0.012814449195013733,-0.01915244259704052,-0.014541700695244297,-0.0046107419017962226,-0.08007434347070264,-0.03447579045918747,-0.045598553011515164,-0.009816783760790537,-0.0658895675363459,0.05607278377555536,0.6064957587791977,0.1267898519798767,0.479705906799321
META,META,SPY,Meta,2023,3,2023-10-25,0.02906182270599622,-0.004532691233238073,0.033594513939234294,0.044806429980406515,0.01369537778137997,0.031111052199026545,0.07809936189364941,0.044140184120691206,0.033959177772958204,0.11166951801920044,0.05160596380150784,0.060063554217692605,0.1729842818458247,0.10362381005693777,0.06936047178888693,0.35495045750528287,0.1813307733583409,0.17361968414694195,0.6054769861770823,0.36406554921896106,0.24141143695812128
META,META,SPY,Meta,2023,4,2024-02-01,-0.03280054496195106,-0.0036412905411127294,-0.029159254420838332,-0.011368569371273507,0.00758553036581322,-0.018954099737086727,-0.014484422998223168,0.01385650441816888,-0.028340927416392048,-0.0035157686709040847,0.010437922196712135,-0.01395369086761622,0.04995609740935869,0.03631020966361276,0.013645887745745933,-0.0933988764044944,0.018589262363530867,-0.11198813876802527,0.21453447713180096,0.19173359492521902,0.02280088220658194
META,META,SPY,Meta,2024,1,2024-04-24,0.004327305965417416,0.009474072941787481,-0.005146766976370065,-0.02539762801123313,-0.0029989982850272545,-0.022398629726205876,0.0006796720895412278,0.003058850351084441,-0.0023791782615432133,0.07712175994140513,0.03312886360918643,0.0439928963322187,0.05528120318944696,0.04462853162889879,0.010652671560548166,0.10828588077295787,0.10343132391404208,0.004854556858915782,0.3500559768855802,0.16751388797655187,0.18254208890902834
META,META,SPY,Meta,2024,2,2024-07-31,-0.01928725119639585,-0.018618386879309612,-0.0006688643170862374,-0.007333158857646294,-0.038415428696426,0.031082269838779708,0.023887896328881997,-0.022762041848103376,0.04664993817698537,0.07953957658648103,0.018526229146587303,0.06101334743989373,0.04114575766313755,0.028249845466516765,0.012895912196620785,0.15280444177934616,0.06962304388613205,0.0831813978932141,0.007769265852846985,-0.01982734024979227,0.027596606102639254
META,META,SPY,Meta,2024,3,2024-10-30,-0.0007399560262113525,0.004220450238173301,-0.004960406264384654,0.00854515222909602,0.014174148529518149,-0.005628996300422129,0.04249636181083494,0.0474288227863231,-0.004932460975488162,0.01687873408737972,0.04345442344222583,-0.02657568935484611,0.011875062401373482,0.05963358083372805,-0.04775851843235457,0.21137846632875923,0.06759341466415258,0.14378505166460664,0.2624897834634523,0.12612118683938012,0.1363685966240722
META,META,SPY,Meta,2024,4,2025-01-29,0.0031732714122454375,-0.0053219491666967045,0.008495220578942142,0.0250217914323545,-0.00538816394902919,0.03040995538138369,0.03637554692659628,0.0021154957737161695,0.03426005115288011,0.06049499644450873,0.007751427864981508,0.05274356857952722,-0.027365418504324612,-0.017949323074101575,-0.009416095430223037,-0.19908431384372327,-0.0868255916961137,-0.11225872214760957,0.045989199013667825,0.10771456455030437,-0.061725365536636545
META,META,SPY,Meta,2025,1,2025-04-30,0.04335800395744327,0.014844129127253636,0.028513874830189634,0.026388804627638596,0.0005908512569268165,0.02579795337071178,0.04508827529578907,0.011800112090397441,0.03328816320539163,0.12525116539996595,0.057281509395585184,0.06796965600438076,0.1315598988351403,0.055365692158204416,0.07619420667693588,0.22426813887923225,0.14086336136330213,0.08340477751593012,0.058153851520228006,0.22384529756463167,-0.16569144604440367
META,META,SPY,Meta,2025,2,2025-07-30,-0.03029318125190328,-0.016390562686528054,-0.013902618565375224,-0.012903376350124729,-0.006502548423652499,-0.00640082792647223,-0.0150108168180757,0.00026877278056258724,-0.015279589598638288,0.011235490237178958,0.02036119361212796,-0.009125703374949001,-0.028870977310389234,0.026642004491816307,-0.05551298180220554,-0.04471154492637841,0.07443292108198185,-0.11914446600836026,,,
META,META,SPY,Meta,2025,3,2025-10-29,-0.02718798606980577,0.0032802806107155025,-0.030468266680521272,-0.05874227562953549,-0.006751617477205096,-0.05199065815233039,-0.07131601513666552,-0.014003448402892471,-0.05731256673377305,-0.08489496397281326,-0.011458770493401826,-0.07343619347941144,-0.027788102827465466,0.005236620825204152,-0.03302472365266962,0.004209348465106455,0.025954847880936827,-0.02174549941583037,,,
META,META,SPY,Meta,2025,4,2026-01-28,-0.029540407622858034,-0.0029825802604032114,-0.026557827362454822,-0.06313066646765053,-0.00649813261358001,-0.05663253385407052,-0.09223760175202589,-0.023658528907078313,-0.06857907284494758,-0.11986829854370995,-0.018399441772578462,-0.10146885677113149,-0.12207611986076927,-0.011598756668874999,-0.11047736319189427,,,,,,
TSLA,TSLA,SPY,Tesla,2020,1,2020-04-29,-0.1030337133662409,-0.026473547310421175,-0.07656016605581972,-0.01748346041957527,-0.014768759758132632,-0.0027147006614426372,-0.002353278163465311,-0.009639586397467426,0.007286308234002115,0.027433883941584414,-0.018968649743598465,0.04640253368518288,0.06793886833783369,0.04764511638214253,0.020293751955691164,0.969100160907846,0.11760674844192742,0.8514934124659186,4.283163632528838,0.30982794600030417,3.973335686528534
TSLA,TSLA,SPY,Tesla,2020,2,2020-07-22,-0.06349339370613127,-0.006440441498103411,-0.05705295220802786,-0.02417594436053594,-0.005542265544451586,-0.018633678816084354,-0.016905991926577824,0.0030964349906261734,-0.020002426917203997,-0.015524671466508821,0.03520540657711235,-0.050730078043621174,0.323025454098796,0.04743660623765589,0.27558884786114013,0.45290709226332715,0.07963912076188584,0.3732679715014413,1.3197208890097705,0.2893515386585124,1.030369350351258
TSLA,TSLA,SPY,Tesla,2020,3,2020-10-21,-0.012118551755604834,0.0033950297368416926,-0.015513581492446527,-0.0026068846352490516,-0.01854283504758225,0.0159359504123332,-0.035134672554734014,-0.04245411221520001,0.007319439660465998,0.02888752423796359,0.01633708791510613,0.012550436322857461,0.1725734406533812,0.038217060076970455,0.13435638057641075,0.9973462413256151,0.11873241905660814,0.878613822269007,0.570116789463748,0.2777206547216162,0.2923961347421318
TSLA,TSLA,SPY,Tesla,2020,4,2021-01-27,-0.05015373491403896,-0.0200196292492133,-0.03013410566482566,0.044719506794593356,0.010380445614861067,0.03433906117973229,0.01742814863974984,0.02266765073339716,-0.005239502093647319,-0.028452328806965133,0.03463713494214704,-0.06308946374911217,-0.19143429628291042,0.007229192405532769,-0.1986634886884432,-0.11638314354776369,0.10949270214168205,-0.22587584568944574,-0.02048038146992648,0.1832445798201734,-0.20372496129009987
TSLA,TSLA,SPY,Tesla,2021,1,2021-04-27,-0.02505755171974844,0.0063731259230359605,-0.0314306776427844,-0.013680832048784564,0.0019167990536088642,-0.015597631102393428,-0.033784528971780636,-0.003952977285391124,-0.029831551686389512,-0.15050398502933438,-0.028725213555650497,-0.12177877147368388,-0.10839572484051607,0.004001276926658637,-0.11239700176717471,-0.07347344479501128,0.057449409452732914,-0.1309228542477442,0.5930587625785306,0.13977125540396274,0.4532875071745679
TSLA,TSLA,SPY,Tesla,2021,2,2021-07-26,0.0034120354402995545,-0.0004100966568443276,0.003822132097143882,0.06578987910489653,-0.0011389677953201893,0.06692884690021672,0.1007475524005863,0.0048746456629125134,0.09587290673767379,0.10113525788413757,0.008359725392512951,0.09277553249162462,0.09880888299217472,0.02040957884304828,0.07839930414912644,0.342783616039094,0.03382459124424342,0.3089590247948506,0.5306771520139173,0.008199485020084607,0.5224776669938327
TSLA,TSLA,SPY,Tesla,2021,3,2021-10-20,0.01753910755951127,-0.0010363550191575532,0.018575462578668822,0.13918340286152464,0.00522478955480099,0.13395861330672365,0.20474273886456595,0.010427892951397455,0.1943148459131685,0.37573825912987635,0.029365777925437708,0.34637248120443864,0.22637581025193998,0.035582906039673734,0.19079290421226625,0.15269572622824046,0.009929326027125818,0.14276640020111464,-0.21788588146235321,-0.1511913860003038,-0.06669449546204942
TSLA,TSLA,SPY,Tesla,2021,4,2022-01-26,0.020805692766870276,0.024835449571126045,-0.0040297568042557685,0.12320584082368535,0.05034320410854698,0.07286263671513837,0.07482809983190108,0.035618209997404504,0.03920988983449658,0.09100226888676799,0.04192581390010397,0.04907645498666402,-0.023193837709280185,0.01509625468670528,-0.038290092395985464,0.2037390087856834,-0.00324337259738372,0.20698238138306713,-0.25826798703133613,-0.1610919066844908,-0.09717608034684533
TSLA,TSLA,SPY,Tesla,2022,1,2022-04-20,-0.003697576672395231,-0.02743915547092779,0.02374157879853256,-0.13120797548283947,-0.050129999358027866,-0.0810779761248116,-0.1301275265533598,-0.02339878013514396,-0.10672874641821584,-0.13432072116812277,-0.05535772866723643,-0.07896299250088634,-0.2967545328939296,-0.11094368137450361,-0.185810851519426,-0.26982099670301984,-0.10066086319927114,-0.1691601335037487,-0.6438173045717012,-0.10301863839476344,-0.5407986661769377
TSLA,TSLA,SPY,Tesla,2022,2,2022-07-20,0.0019752262198982073,-0.0092779591098886,0.011253185329786808,-0.04728143008804386,-0.019809813997138992,-0.02747161609090487,0.033835492611490325,0.01825524734688555,0.015580245264604775,0.13590636893083485,0.038566796804385683,0.09733957212644917,0.11469475757484537,0.07297090441621412,0.04172385315863125,-0.2455466432386072,-0.0995283396791744,-0.1460183035594328,-0.32092208897301266,0.04004164621731654,-0.3609637351903292
TSLA,TSLA,SPY,Tesla,2022,3,2022-10-19,0.03454266549727758,0.024301384745975874,0.010241280751301707,0.07304129428217943,0.053391963812097876,0.01964933047008155,0.08592241250231325,0.03987287394280781,0.04604953855950544,0.03873986311552846,0.015325299298389439,0.023414563817139022,-0.11631609780171259,0.07889760486897623,-0.19521370267068883,-0.37871478416778426,0.07629147518684998,-0.45500625935463423,0.31218637512623015,0.23545862692550834,0.07672774820072181
TSLA,TSLA,SPY,Tesla,2022,4,2023-01-25,0.11000180416824756,0.0022977111292463714,0.10770409303900119,0.08080112686730234,0.004274290111552226,0.07652683675575012,0.1747051803430395,0.029722144794654737,0.14498303554838476,0.2935671167249252,0.005781401108287287,0.2877857156166379,0.22842702710679497,-0.020679321512188653,0.24910634861898362,0.014225985639963135,0.023359748543225756,-0.009133762903262621,0.5668558583818373,0.07792319129377168,0.4889326670880656
TSLA,TSLA,SPY,Tesla,2023,1,2023-04-19,0.012822849668400638,0.0007770401423001783,0.01204580952610046,-0.014234046542909384,-0.014081658203047742,-0.00015238833986164213,-0.017178986179463895,0.0012868283688332038,-0.0184658145482971,-0.010982320906768428,-0.016388063024946775,0.005405742118178347,0.08528126528020374,0.017845051789586952,0.06743621349061679,0.7997422323554284,0.1068202288526432,0.6929220035027852,0.47524381154970174,0.16534300870990237,0.30990080283979937
TSLA,TSLA,SPY,Tesla,2023,2,2023-07-19,-0.010954754468143868,0.0,-0.010954754468143868,0.009052890597439855,0.007209594252448381,0.001843296344991474,-0.027348753706887496,0.0006854634581945351,-0.02803421716508203,-0.013617294238794209,-0.007386445222141491,-0.0062308490166527175,-0.16614679988535885,-0.03514072788393374,-0.1310060720014251,-0.04480790815056157,-0.04236786049805452,-0.002440047652507049,-0.34203119154255623,0.15945899394786767,-0.5014901854904239
TSLA,TSLA,SPY,Tesla,2023,3,2023-10-18,-0.036890623300491754,-0.012288076620788124,-0.02460254667970363,-0.016310010121919905,-0.006566103851085026,-0.009743906270834879,-0.06519470293818519,-0.032549363726876,-0.03264533921130919,-0.007269120435595466,0.010154233151618453,-0.01742335358721392,0.061242086639225146,0.055812251898519794,0.005429834740705353,-0.02071690312093566,0.11203457149807972,-0.13275147461901537,0.19603838551461128,0.3300443255571335,-0.1340059400425222
TSLA,TSLA,SPY,Tesla,2023,4,2024-01-24,0.0033948152034783963,-0.0012703468494742465,0.004665162052952643,0.04906089479013831,0.005860391252179964,0.043200503537958346,0.034112662547080674,0.0023974736732808033,0.03171518887379987,0.03794553189782812,0.021084892015698742,0.01686063988212938,0.05114163110209513,0.040612226094110415,0.010529405007984716,-0.2221978905223898,0.027134893988267184,-0.249332784510657,0.1925751367718176,0.19878990965123067,-0.006214772879413077
TSLA,TSLA,SPY,Tesla,2024,1,2024-04-23,0.04965143743002587,-0.0037989089424659284,0.0534503463724918,0.19687903045470878,0.00920044780365914,0.18767858265104964,0.11015851521907227,-0.010011689902151177,0.12017020512122345,0.07765370973121644,0.02330768564677932,0.05434602408443712,0.11089863187591331,0.048317148900901774,0.06258148297501154,0.5512859244569026,0.10096624154182998,0.4503196829150726,1.4875716117451923,0.1614803498311459,1.3260912619140464
TSLA,TSLA,SPY,Tesla,2024,2,2024-07-24,-0.0020431189477511102,0.01119947904446894,-0.013242597992220051,0.010760477263053403,0.00666750853549658,0.004092968727556823,-0.015391597682853253,0.008543656821238255,-0.023935254504091508,-0.09720773512875991,-0.014412856100965876,-0.08279487902779403,-0.04354141356590524,0.033078731673293005,-0.07662014523919825,0.0020431189477512213,0.08910135981107259,-0.08705824086332137,0.1457435010375283,0.01080200275270271,0.1349414982848256
TSLA,TSLA,SPY,Tesla,2024,3,2024-10-23,0.03343823359841336,-0.00034526812660351514,0.03378350172501687,-0.003685587884540764,0.004367926039041015,-0.008053513923581779,-0.04080929220849283,-0.018299747007166745,-0.022509545201326087,0.13985715271523613,0.028261252667944436,0.1115959000472917,0.30390049264188757,0.02491196949884844,0.2789885231430391,0.5831541288765425,0.056215421568735824,0.5269387073078067,0.22623614170100104,0.09439602693885107,0.13184011476214996
TSLA,TSLA,SPY,Tesla,2024,4,2025-01-29,0.010792463618949588,-0.005321949711351581,0.01611441333030117,-0.0201609057380564,-0.005387959817959476,-0.014772945920096925,-0.06485458062917537,0.0021155983314691262,-0.0669701789606445,-0.11077245046744999,0.007751530999523082,-0.11852398146697307,-0.26806232667181296,-0.01794912022855666,-0.2501132064432563,-0.2857999256654373,-0.08682560058195332,-0.198974325083484,0.09750674252604097,0.10771467791519829,-0.010207935389157319
TSLA,TSLA,SPY,Tesla,2025,1,2025-04-22,0.0349764859229853,0.021049019601060648,0.013927466321924653,0.14014516479144956,0.028818510260353536,0.11132665453109603,0.1253090750602297,0.03571032427684484,0.08959875078338486,0.10161918788118451,0.04805602464135972,0.053563163239824796,0.33452974310599304,0.08860348640096993,0.2459262567050231,0.3100820891675806,0.17782095442607537,0.13226113474150525,0.7747866316360805,0.3075987980026975,0.467187833633383
TSLA,TSLA,SPY,Tesla,2025,2,2025-07-23,0.03524405566934252,0.004224349640319147,0.031019706029023375,0.05208000343860042,0.0013240629201063392,0.05075594051849408,0.009728140646756867,-0.0036883986202657093,0.013416539267022576,0.055584677036446095,-0.003420423110239046,0.05900510014668514,0.048509656569776016,0.0017811348345653233,0.04672852173521069,0.4389453492428581,0.05014343772412144,0.38880191151873666,0.1543400835859805,0.09063335361745595,0.06370672996852456
TSLA,TSLA,SPY,Tesla,2025,3,2025-10-22,-0.03398817183887881,0.008172571104630766,-0.04216074294350958,0.02576946973925076,0.02277599686105436,0.0029934728781964015,-0.019778174229415524,0.01201328386606404,-0.03179145809547956,-0.006837737202318839,-0.002158482033940312,-0.004679255168378527,-0.11971579732897453,-0.028626248903260487,-0.09108954842571404,-0.039066346197438984,0.023319774973999063,-0.06238612117143805,,,
TSLA,TSLA,SPY,Tesla,2025,4,2026-01-28,0.033248526466028494,-0.0029825802604032114,0.036231106726431705,0.012963304033351886,-0.00649813261358001,0.019461436646931896,-0.04645190660870846,-0.023658528907078313,-0.022793377701630146,0.0012243368749138561,-0.018399441772578462,0.019623778647492318,-0.03372860542374201,-0.011598756668874999,-0.02212984875486701,,,,,,
TSM,2330.TW,0050.TW,TSMC,2020,1,2020-04-16,-0.00815642013944018,-0.0030029387157737286,-0.005153481423666451,-0.04078321732669521,-0.03183175892946111,-0.008951458397234102,-0.04078321732669521,-0.02822842807340198,-0.01255478925329323,-0.03752042594502025,-0.0030029387157737286,-0.034517487229246524,-0.05383382453864782,-0.001201327621874415,-0.05263249691677341,0.19381393960061732,0.16576582489696357,0.02804811470365376,0.8010769221492617,0.5075703200465014,0.29350660210276036
TSM,2330.TW,0050.TW,TSMC,2020,2,2020-07-16,-0.0027249418495891575,-0.0015431396413866372,-0.0011818022082025204,0.04632151353339675,0.025399910966985573,0.02092160256641118,0.05177102717189075,0.020736892922768924,0.031034134249121825,0.15940040177488513,0.07565972709882574,0.08374067467605939,0.16348781454926886,0.08291350720924506,0.0805743073400238,0.2575453060670154,0.10571167357216993,0.1518336324948455,0.686326202202268,0.47446992734492777,0.21185627485734027
TSM,2330.TW,0050.TW,TSMC,2020,3,2020-10-15,0.018931066808606456,0.012826523383252963,0.0061045434253534925,0.008908741745611515,0.006650916322870959,0.002257825422740556,0.00668149990429967,0.008076076106143582,-0.0013945762018439112,-0.03786198320412226,-0.02137765275048753,-0.016484330453634732,0.02895331666505596,0.03800485822386568,-0.009051541558809717,0.30705065123227815,0.2570072276021391,0.05004342363013903,0.38554582842453944,0.37663011023590864,0.008915718188630795
TSM,2330.TW,0050.TW,TSMC,2020,4,2021-01-14,0.009983570942619924,-0.0007435516178742052,0.010727122560494129,0.07653936868227151,0.02750933980295578,0.049030028879315735,0.07986700201684238,0.04420469458525478,0.0356623074315876,-0.01663883761176166,-0.026067510747442624,0.009428673135680965,0.06655590956280277,0.05218149764450719,0.014374411918295582,0.019131822945484434,0.07269303845373853,-0.0535612155082541,-0.0056876609414704404,0.034689103606622584,-0.040376764548093025
TSM,2330.TW,0050.TW,TSMC,2021,1,2021-04-15,-0.011475696917042755,0.0017952694671632408,-0.013270966384205996,-0.029508276585944238,-0.008976726071332264,-0.020531550514611974,-0.013115191914838453,-0.0007183981507606907,-0.012396793764077763,-0.03606603712926204,-0.007181519726754959,-0.02888451740250708,-0.10000036208897689,-0.09156208832238477,-0.00843827376659212,-0.0007893539696253171,0.006463058453408221,-0.0072524124230335385,0.048250002029892824,0.05403533223626278,-0.005785330206369954
TSM,2330.TW,0050.TW,TSMC,2021,2,2021-07-15,-0.011884402718711162,-0.011436571217608549,-0.0004478315011026135,-0.00679089326817961,-0.020374231581614,0.01358333831343439,-0.00679089326817961,-0.013566422599859962,0.006775529331680352,-0.01528018885219784,-0.025032272284211676,0.009752083432013836,-0.013582465535152854,-0.02789886036395517,0.014316394828802315,-0.026148243543287264,-0.05118912670627174,0.025040883162984473,-0.013375031403694226,-0.014633641561449529,0.0012586101577553022
TSM,2330.TW,0050.TW,TSMC,2021,3,2021-10-14,-0.016666561607655006,-0.0029355503838447428,-0.013731011223810263,-0.003333245968471066,0.0025690248470982002,-0.005902270815569266,0.0,0.001834879859608396,-0.001834879859608396,-0.016666561607655006,-0.003302526355766444,-0.013364035251888562,0.006666491936942132,0.025321149018948885,-0.018654657082006754,0.07660117951411194,0.08293573313183011,-0.006334553617718175,-0.20402061943456795,-0.14907686206523107,-0.054943757369336876
TSM,2330.TW,0050.TW,TSMC,2021,4,2022-01-13,0.01636922854340561,0.0113105841443224,0.005058644399083212,-0.026785599324885445,-0.01197615967932908,-0.014809439645556366,-0.04613076531364946,-0.03008185587425538,-0.016048909439394077,-0.06547622616377602,-0.028382159122368966,-0.03709406704140705,-0.06696419488645533,-0.03552120047660112,-0.03144299440985421,-0.16553045116835374,-0.10521395890978147,-0.060316492258572274,-0.4026602686992967,-0.3148749190488651,-0.08778534965043161
TSM,2330.TW,0050.TW,TSMC,2022,1,2022-04-14,-0.0017794443306173857,-0.0052931100047525215,0.0035136656741351358,0.0142346190800966,0.00302449527847104,0.01121012380162556,-0.007117660376864232,-0.00491497511471517,-0.0022026852621490622,-0.042704675859526864,-0.026465095924563475,-0.01623957993496339,-0.07473315351777055,-0.06994334269166913,-0.004789810826101415,-0.19583336841701493,-0.17164456695608354,-0.024188801460931386,-0.19287786060645185,-0.15726733222040112,-0.03561052838605072
TSM,2330.TW,0050.TW,TSMC,2022,2,2022-07-14,0.006091335321549041,0.0043973944392470266,0.0016939408823020141,0.005076300798761535,0.011873284385910843,-0.006796983587149308,0.02131983953495431,0.02726464773714432,-0.005944808202190011,0.03350257654186528,0.03781866179594129,-0.0043160852540760075,0.04974618164187117,0.06452621660738589,-0.014780034965514721,-0.1800739598152511,-0.11260133056074373,-0.06747262925450737,0.07381262031344549,0.08443456367924962,-0.010621943365804132
TSM,2330.TW,0050.TW,TSMC,2022,3,2022-10-13,-0.03640775244034522,-0.01865498526970122,-0.017752767170644,-0.04004874853724416,-0.020618611304997425,-0.019430137232246736,-0.05461162866051794,-0.028964125403926677,-0.025647503256591264,-0.07888335845271743,-0.040255285453641765,-0.03862807299907567,0.07160191839108054,0.07020126525478476,0.001400653136295782,0.17419580373247645,0.1369661228784489,0.03722968085402756,0.4326621194113578,0.3226515563931516,0.11001056301820622
TSM,2330.TW,0050.TW,TSMC,2022,4,2023-01-12,0.009999846846165061,0.007679180641911421,0.002320666204253641,0.08600001408756786,0.05304642835464124,0.032953585732926616,0.06000005040505951,0.038214808777800924,0.02178524162725859,0.08000000258487483,0.054355155667852983,0.025644846917021846,0.014000005298993479,0.02643669447859054,-0.01243668917959706,-0.011681695667562386,0.012913802214961745,-0.02459549788252413,0.12951496051248235,0.1100293951215836,0.01948556539089874
TSM,2330.TW,0050.TW,TSMC,2023,1,2023-04-20,-0.007827733758942967,-0.0037941427838236175,-0.00403359097511935,-0.03816046935963535,-0.021079188855408493,-0.01708128050422686,-0.017612495293429342,-0.010118038453133527,-0.007494456840295816,-0.013698502632880971,-0.00042148646822692815,-0.013277016164654043,0.03913910902848383,0.03119736632122949,0.00794174270725434,0.14231028267221646,0.10143588985079499,0.04087439282142147,0.16064576759568783,0.1318054356184981,0.028840331977189715
TSM,2330.TW,0050.TW,TSMC,2023,2,2023-07-20,-0.003571608499889023,0.0003930178617133073,-0.00396462636160233,0.010714140057912935,0.010220125133361346,0.000494014924551589,0.012499944307857502,0.0180818237255167,-0.005581879417659197,-0.003571608499889023,0.010220125133361346,-0.01379173363325037,-0.041071212942876745,-0.033018865815474974,-0.008052347127401771,-0.01956330734328604,-0.018474841587230117,-0.001088465756055923,0.36011419002661693,0.21398471631270688,0.14612947371391005
TSM,2330.TW,0050.TW,TSMC,2023,3,2023-10-19,-0.021582789790211443,-0.012360573750496817,-0.009222216039714626,-0.021582789790211443,-0.009569505712463289,-0.012013284077748154,-0.04136688980512082,-0.024721017918931554,-0.016645871886189267,-0.012590084670407675,0.0003985944233710903,-0.012988679093778766,0.04316546515631425,0.04465695902647582,-0.0014914938701615643,0.059465293851981293,0.057814786414746244,0.0016505074372350492,0.8781266530707941,0.5920347202177496,0.28609193285304446
TSM,2330.TW,0050.TW,TSMC,2023,4,2024-01-18,0.0,0.0067720627023371005,-0.0067720627023371005,0.0015974918942527339,0.008276952249179681,-0.006679460354926947,0.02875404529108394,0.020692201398310628,0.008061843892773313,0.01437702264554197,0.01655390449835914,-0.0021768818528171696,0.11501587786228673,0.07863050869329102,0.03638536916899571,0.25503425796648105,0.17381504136803372,0.08121921659844733,0.7153884338796477,0.48232910781377614,0.23305932606587154
TSM,2330.TW,0050.TW,TSMC,2024,1,2024-04-18,-0.01066671168700184,-0.0029821306823353266,-0.007684581004666513,0.0439999022319586,0.03611662373432556,0.00788327849763304,0.04266651077535677,0.03379723552834246,0.008869275247014308,0.04799990861543901,0.055003205850991055,-0.007003297235552042,0.11333331821456416,0.1080183947341753,0.005314923480388867,0.41210346512952456,0.3111721144736621,0.10093135065586245,0.4845831809907346,0.3254927397708729,0.1590904412198617
TSM,2330.TW,0050.TW,TSMC,2024,2,2024-07-18,-0.03195872940623612,-0.02979869690820436,-0.002160032498031761,-0.047422586907456266,-0.03892615844260083,-0.008496428464855432,-0.03092784438869911,-0.03033546669919407,-0.0005923776895050414,-0.09278353316609733,-0.100671140370305,0.00788760720420767,0.0030928491319992535,-0.013422892230655958,0.016515741362655212,0.1235449868258911,0.06335571542345386,0.06018927140243724,-0.08828354377577052,-0.11355276710849793,0.02526922333272741
TSM,2330.TW,0050.TW,TSMC,2024,3,2024-10-17,0.0,-0.00025241031917189183,0.00025241031917189183,-0.02304157813822527,-0.010600754902242993,-0.012440823235982279,-0.01843314735163204,-0.008581631849859828,-0.009851515501772212,-0.04147472548985742,-0.025997066617263864,-0.015477658872593558,-0.05529961479331846,-0.04265527042715245,-0.012644344366166016,0.008467982933443974,-0.012619957705122031,0.021087940638566005,0.05480575564422785,0.0378746269570871,0.01693112868714075
TSM,2330.TW,0050.TW,TSMC,2024,4,2025-01-16,0.0,0.010188535214684435,-0.010188535214684435,0.0133928918720021,0.02547125865212596,-0.012078366780123861,-0.02232144940891556,-0.01248076511498386,-0.0098406842939317,-0.008928557536913462,0.0061131687595619155,-0.015041726296475377,-0.05803567955656941,-0.013499745651788686,-0.04453593390478072,-0.2034474427458095,-0.1556291133122869,-0.0478183294335226,0.3385539295277302,0.27330072532107885,0.06525320420665137
TSM,2330.TW,0050.TW,TSMC,2025,1,2025-04-17,-0.01764707725725967,-0.014294505514939826,-0.003352571742319843,0.027058846935962277,0.01211934731501274,0.014939499620949537,0.044705924193221946,0.030142972173199833,0.014562952020022113,0.10352939358819047,0.06867617231816525,0.034853221270025214,0.15764716033765325,0.1215039748282507,0.03614318550940254,0.3114237217407325,0.24300814335686205,0.06841557838387047,1.0053903142399285,0.7487183331386644,0.2566719811012641
TSM,2330.TW,0050.TW,TSMC,2025,2,2025-07-17,-0.004328786542661778,-0.0037189161487918287,-0.000609870393869949,-0.008657893522553639,-0.007633568711734817,-0.0010243248108188219,-0.008657893522553639,-0.0037189161487918287,-0.00493897737376181,-0.017316000669927445,0.00019566069406851128,-0.017511661363995956,0.021645107649819417,0.04032101983442149,-0.018675912184602073,0.2908573490356121,0.2096300649920615,0.08122728404355062,,,
TSM,2330.TW,0050.TW,TSMC,2025,3,2025-10-16,0.020689744006068933,0.016921818790650356,0.003767925215418577,0.0068966095829001706,0.010475417569975276,-0.0035788079870751055,0.020689744006068933,0.028203052099587955,-0.007513308093519022,0.04137931852687471,0.033843699926812576,0.007535618600062133,-0.003448262420134296,-0.0024173848713753276,-0.0010308775487589683,0.18324144972270506,0.14020950710448932,0.043031942618215746,,,
TSM,2330.TW,0050.TW,TSMC,2025,4,2026-01-15,0.011494239929334293,0.008333262589219625,0.003160977340114668,0.0,-0.002083423106718274,0.002083423106718274,0.01724139508612388,0.01763548670893611,-0.00039409162281223153,0.02011497266451867,0.022565187297996392,-0.002450214633477721,0.12931035756956155,0.11834268785436763,0.010967669715193917,,,,,,
