Date,close
2020-03-30,56.845672607421875
2020-03-31,57.62126159667969
2020-04-01,54.653289794921875
2020-04-02,55.39366912841797
2020-04-03,54.18714141845703
2020-04-06,58.674556732177734
2020-04-07,58.643306732177734
2020-04-08,59.85529327392578
2020-04-09,59.8339729309082
2020-04-13,60.02439880371094
2020-04-14,62.7429313659668
2020-04-15,62.34968566894531
2020-04-16,62.35612869262695
2020-04-17,63.425785064697266
2020-04-20,62.54060363769531
2020-04-21,60.111183166503906
2020-04-22,62.40473175048828
2020-04-23,63.037498474121094
2020-04-24,63.306766510009766
2020-04-27,63.02212142944336
2020-04-28,61.12431335449219
2020-04-29,66.55889892578125
2020-04-30,66.78303527832031
2020-05-01,65.3260726928711
2020-05-04,65.60279083251953
2020-05-05,66.89808654785156
2020-05-06,66.72005462646484
2020-05-07,67.90277862548828
2020-05-08,68.64962005615234
2020-05-11,69.60421752929688
2020-05-12,68.19536590576172
2020-05-13,66.86386108398438
2020-05-14,67.286865234375
2020-05-15,68.0902328491211
2020-05-18,68.69126892089844
2020-05-19,68.15670013427734
2020-05-20,69.88043975830078
2020-05-21,69.76094055175781
2020-05-22,70.08277130126953
2020-05-26,70.48593139648438
2020-05-27,70.43189239501953
2020-05-28,70.33071899414062
2020-05-29,71.08844757080078
2020-06-01,71.1553955078125
2020-06-02,71.52435302734375
2020-06-03,71.37260437011719
2020-06-04,70.13531494140625
2020-06-05,71.41079711914062
2020-06-08,71.8084945678711
2020-06-09,72.00884246826172
2020-06-10,72.6346664428711
2020-06-11,69.52041625976562
2020-06-12,70.06690216064453
2020-06-15,70.4546890258789
2020-06-16,71.73065185546875
2020-06-17,72.03166198730469
2020-06-18,71.11821746826172
2020-06-19,70.64810180664062
2020-06-22,71.93842315673828
2020-06-23,72.59896850585938
2020-06-24,71.04779052734375
2020-06-25,71.46434020996094
2020-06-26,67.56854248046875
2020-06-29,69.28585052490234
2020-06-30,70.32129669189453
2020-07-01,71.50897979736328
2020-07-02,72.8940200805664
2020-07-06,74.36784362792969
2020-07-07,73.88533782958984
2020-07-08,74.5637435913086
2020-07-09,75.31056213378906
2020-07-10,76.31973266601562
2020-07-13,74.99169921875
2020-07-14,75.41966247558594
2020-07-15,75.2222900390625
2020-07-16,75.1250991821289
2020-07-17,75.22078704833984
2020-07-20,77.5510482788086
2020-07-21,77.15827941894531
2020-07-22,77.60112762451172
2020-07-23,75.21585083007812
2020-07-24,74.79234313964844
2020-07-27,75.84464263916016
2020-07-28,74.56620788574219
2020-07-29,75.55107116699219
2020-07-30,76.28799438476562
2020-07-31,73.78765106201172
2020-08-03,73.53026580810547
2020-08-04,73.0611572265625
2020-08-05,73.3482666015625
2020-08-06,74.63067626953125
2020-08-07,74.30438232421875
2020-08-10,74.2275161743164
2020-08-11,73.42018127441406
2020-08-12,74.74423217773438
2020-08-13,75.21088409423828
2020-08-14,74.61480712890625
2020-08-17,75.19055938720703
2020-08-18,77.1513442993164
2020-08-19,76.59742736816406
2020-08-20,78.16645050048828
2020-08-21,78.13273620605469
2020-08-24,78.6078109741211
2020-08-25,79.63432312011719
2020-08-26,81.53263854980469
2020-08-27,80.758544921875
2020-08-28,81.29955291748047
2020-08-31,80.80863189697266
2020-09-01,82.0756607055664
2020-09-02,85.16560363769531
2020-09-03,80.80763244628906
2020-09-04,78.41242218017578
2020-09-08,75.55552673339844
2020-09-09,76.72734832763672
2020-09-10,75.67703247070312
2020-09-11,75.166748046875
2020-09-14,74.82307434082031
2020-09-15,76.12680053710938
2020-09-16,74.98475646972656
2020-09-17,73.74251556396484
2020-09-18,71.95976257324219
2020-09-21,70.92085266113281
2020-09-22,72.39266967773438
2020-09-23,69.89183807373047
2020-09-24,70.559814453125
2020-09-25,71.36318969726562
2020-09-28,72.33515167236328
2020-09-29,72.70013427734375
2020-09-30,72.6793212890625
2020-10-01,73.78515625
2020-10-02,72.18341064453125
2020-10-05,73.53373718261719
2020-10-06,71.95628356933594
2020-10-07,72.35894012451172
2020-10-08,73.56350708007812
2020-10-09,74.9034194946289
2020-10-12,77.58822631835938
2020-10-13,77.71121978759766
2020-10-14,77.53120422363281
2020-10-15,77.1359634399414
2020-10-16,77.74246215820312
2020-10-19,75.87042999267578
2020-10-20,76.91826629638672
2020-10-21,78.64945220947266
2020-10-22,79.67449951171875
2020-10-23,80.97970581054688
2020-10-26,78.56515502929688
2020-10-27,79.28868103027344
2020-10-28,74.92079162597656
2020-10-29,77.20589447021484
2020-10-30,80.14310455322266
2020-11-02,80.55026245117188
2020-11-03,81.60850524902344
2020-11-04,86.57694244384766
2020-11-05,87.40261840820312
2020-11-06,87.26525115966797
2020-11-09,87.34906005859375
2020-11-10,86.17377471923828
2020-11-11,86.64537811279297
2020-11-12,86.42667388916016
2020-11-13,87.88661193847656
2020-11-16,87.97439575195312
2020-11-17,87.3609619140625
2020-11-18,86.3185806274414
2020-11-19,87.20772552490234
2020-11-20,86.10733032226562
2020-11-23,85.66992950439453
2020-11-24,87.4720458984375
2020-11-25,87.48344421386719
2020-11-27,88.61856842041016
2020-11-30,87.00093841552734
2020-12-01,89.03214263916016
2020-12-02,90.5005111694336
2020-12-03,90.34529113769531
2020-12-04,90.44050598144531
2020-12-07,90.10676574707031
2020-12-08,89.82410430908203
2020-12-09,88.16431427001953
2020-12-10,87.65800476074219
2020-12-11,88.01256561279297
2020-12-14,86.89482116699219
2020-12-15,87.33219909667969
2020-12-16,87.13929748535156
2020-12-17,86.31212615966797
2020-12-18,85.60348510742188
2020-12-21,86.0170669555664
2020-12-22,85.30594635009766
2020-12-23,85.70316314697266
2020-12-24,85.99723052978516
2020-12-28,87.9709243774414
2020-12-29,87.16756439208984
2020-12-30,86.10087585449219
2020-12-31,86.9136734008789
2021-01-04,85.59902954101562
2021-01-05,86.28932189941406
2021-01-06,85.4378433227539
2021-01-07,87.9897689819336
2021-01-08,89.15464782714844
2021-01-11,87.09465789794922
2021-01-12,86.15939331054688
2021-01-13,86.64637756347656
2021-01-14,85.83656311035156
2021-01-15,85.67291259765625
2021-01-19,88.49211883544922
2021-01-20,93.23292541503906
2021-01-21,93.43524932861328
2021-01-22,93.85231018066406
2021-01-25,93.93759155273438
2021-01-26,94.6155014038086
2021-01-27,90.20148468017578
2021-01-28,91.90045928955078
2021-01-29,90.61903381347656
2021-02-01,93.87761688232422
2021-02-02,95.16942596435547
2021-02-03,102.10015106201172
2021-02-04,101.83979034423828
2021-02-05,103.58536529541016
2021-02-08,103.37162780761719
2021-02-09,102.91887664794922
2021-02-10,103.46883392333984
2021-02-11,103.58139038085938
2021-02-12,103.892822265625
2021-02-16,104.66991424560547
2021-02-17,105.06265258789062
2021-02-18,104.42739868164062
2021-02-19,103.5843734741211
2021-02-22,101.87102508544922
2021-02-23,102.16162109375
2021-02-24,103.33642578125
2021-02-25,99.97125244140625
2021-02-26,100.26678466796875
2021-03-01,102.63473510742188
2021-03-02,102.37786102294922
2021-03-03,99.74610900878906
2021-03-04,100.86286926269531
2021-03-05,103.9939956665039
2021-03-08,99.55219268798828
2021-03-09,101.1817398071289
2021-03-10,100.97494506835938
2021-03-11,104.16606903076172
2021-03-12,101.65978240966797
2021-03-15,101.87995147705078
2021-03-16,103.34038543701172
2021-03-17,103.257568359375
2021-03-18,100.23854064941406
2021-03-19,100.51721954345703
2021-03-22,100.70219421386719
2021-03-23,101.22982788085938
2021-03-24,100.79344177246094
2021-03-25,100.78997802734375
2021-03-26,100.40664672851562
2021-03-29,101.45100402832031
2021-03-30,101.48473358154297
2021-03-31,102.2806396484375
2021-04-01,105.61608123779297
2021-04-05,110.03852844238281
2021-04-06,109.55750274658203
2021-04-07,111.0338134765625
2021-04-08,111.5991439819336
2021-04-09,112.60284423828125
2021-04-12,111.31101989746094
2021-04-13,111.7974853515625
2021-04-14,111.17662048339844
2021-04-15,113.32585906982422
2021-04-16,113.20188903808594
2021-04-19,113.54949951171875
2021-04-20,113.01642608642578
2021-04-21,112.98370361328125
2021-04-22,111.7027816772461
2021-04-23,114.05384063720703
2021-04-26,114.54975128173828
2021-04-27,113.61002349853516
2021-04-28,116.98512268066406
2021-04-29,118.65730285644531
2021-04-30,116.71038818359375
2021-05-03,116.19365692138672
2021-05-04,114.39601135253906
2021-05-05,114.7897720336914
2021-05-06,115.90950012207031
2021-05-07,116.63253021240234
2021-05-10,113.64820098876953
2021-05-11,112.57258605957031
2021-05-12,109.11070251464844
2021-05-13,110.53840637207031
2021-05-14,112.98517608642578
2021-05-17,113.50785827636719
2021-05-18,112.1961898803711
2021-05-19,112.64398956298828
2021-05-20,114.40196990966797
2021-05-21,113.76622009277344
2021-05-24,117.08431243896484
2021-05-25,117.17504119873047
2021-05-26,118.03990173339844
2021-05-27,117.1656265258789
2021-05-28,116.87651062011719
2021-06-01,118.08305358886719
2021-06-02,117.55787658691406
2021-06-03,116.41680908203125
2021-06-04,118.69747924804688
2021-06-07,119.13038635253906
2021-06-08,118.93894958496094
2021-06-09,119.41007995605469
2021-06-10,120.75843811035156
2021-06-11,120.51395416259766
2021-06-14,121.44178009033203
2021-06-15,120.42420196533203
2021-06-16,119.78250122070312
2021-06-17,120.74554443359375
2021-06-18,119.12641906738281
2021-06-21,120.81397247314453
2021-06-22,121.32772827148438
2021-06-23,121.12588500976562
2021-06-24,121.4958267211914
2021-06-25,121.50426483154297
2021-06-28,121.53154754638672
2021-06-29,121.27020263671875
2021-06-30,121.08870697021484
2021-07-01,121.44080352783203
2021-07-02,124.23075103759766
2021-07-06,125.15560150146484
2021-07-07,125.43726348876953
2021-07-08,124.01899719238281
2021-07-09,124.48958587646484
2021-07-12,125.93465423583984
2021-07-13,126.29766082763672
2021-07-14,127.1858139038086
2021-07-15,125.96390533447266
2021-07-16,125.92920684814453
2021-07-19,123.55680084228516
2021-07-20,125.17494201660156
2021-07-21,126.50346374511719
2021-07-22,127.3687973022461
2021-07-23,131.9246368408203
2021-07-26,132.93629455566406
2021-07-27,130.81875610351562
2021-07-28,134.9783935546875
2021-07-29,134.66452026367188
2021-07-30,133.6221160888672
2021-08-02,133.74908447265625
2021-08-03,134.51821899414062
2021-08-04,134.01783752441406
2021-08-05,135.13461303710938
2021-08-06,134.6258087158203
2021-08-09,135.79067993164062
2021-08-10,135.68557739257812
2021-08-11,135.16189575195312
2021-08-12,136.06939697265625
2021-08-13,136.59852600097656
2021-08-16,137.17575073242188
2021-08-17,135.54124450683594
2021-08-18,134.33871459960938
2021-08-19,134.5677947998047
2021-08-20,136.30296325683594
2021-08-23,138.89356994628906
2021-08-24,140.10354614257812
2021-08-25,140.9143524169922
2021-08-26,140.2810821533203
2021-08-27,142.8235626220703
2021-08-30,143.40525817871094
2021-08-31,143.5113525390625
2021-09-01,144.02511596679688
2021-09-02,142.1124267578125
2021-09-03,142.56121826171875
2021-09-07,143.09780883789062
2021-09-08,142.5131072998047
2021-09-09,142.3643341064453
2021-09-10,139.72120666503906
2021-09-13,141.16578674316406
2021-09-14,141.3760223388672
2021-09-15,143.24559020996094
2021-09-16,142.4327850341797
2021-09-17,139.64584350585938
2021-09-20,137.58238220214844
2021-09-21,137.89334106445312
2021-09-22,139.13351440429688
2021-09-23,140.0584259033203
2021-09-24,141.0492401123047
2021-09-27,139.91558837890625
2021-09-28,134.71656799316406
2021-09-29,133.25216674804688
2021-09-30,132.58021545410156
2021-10-01,135.42372131347656
2021-10-04,132.56385803222656
2021-10-05,134.90797424316406
2021-10-06,136.4373321533203
2021-10-07,138.083740234375
2021-10-08,138.63967895507812
2021-10-11,137.7752685546875
2021-10-12,135.3304901123047
2021-10-13,136.45419311523438
2021-10-14,139.9939422607422
2021-10-15,140.20916748046875
2021-10-18,141.6076202392578
2021-10-19,142.06285095214844
2021-10-20,140.6068878173828
2021-10-21,140.72291564941406
2021-10-22,136.43882751464844
2021-10-25,136.3203125
2021-10-26,138.16656494140625
2021-10-27,145.01890563964844
2021-10-28,144.65342712402344
2021-10-29,146.83242797851562
2021-11-01,142.32070922851562
2021-11-02,144.2403564453125
2021-11-03,145.39633178710938
2021-11-04,147.0521240234375
2021-11-05,147.63185119628906
2021-11-08,147.80934143066406
2021-11-09,147.6977996826172
2021-11-10,144.6975860595703
2021-11-11,144.5716094970703
2021-11-12,147.45925903320312
2021-11-15,147.235107421875
2021-11-16,146.66384887695312
2021-11-17,146.8334197998047
2021-11-18,148.61026000976562
2021-11-19,147.7056884765625
2021-11-22,145.1027374267578
2021-11-23,144.5869903564453
2021-11-24,144.92221069335938
2021-11-26,141.01747131347656
2021-11-29,144.3375701904297
2021-11-30,140.7343292236328
2021-12-01,139.89527893066406
2021-12-02,141.7940673828125
2021-12-03,140.83749389648438
2021-12-06,141.9815216064453
2021-12-07,146.06227111816406
2021-12-08,146.97178649902344
2021-12-09,146.4282989501953
2021-12-10,146.78829956054688
2021-12-13,144.63116455078125
2021-12-14,142.7273712158203
2021-12-15,145.24058532714844
2021-12-16,143.2609405517578
2021-12-17,140.56324768066406
2021-12-20,140.44619750976562
2021-12-21,142.29638671875
2021-12-22,145.21481323242188
2021-12-23,145.71218872070312
2021-12-27,146.694091796875
2021-12-28,145.48455810546875
2021-12-29,145.45285034179688
2021-12-30,145.0020751953125
2021-12-31,143.66464233398438
2022-01-03,143.80296325683594
2022-01-04,143.21585083007812
2022-01-05,136.6456298828125
2022-01-06,136.6183624267578
2022-01-07,135.89382934570312
2022-01-10,137.53277587890625
2022-01-11,138.59056091308594
2022-01-12,140.27113342285156
2022-01-13,137.45098876953125
2022-01-14,138.337158203125
2022-01-18,134.88319396972656
2022-01-19,134.0089111328125
2022-01-20,132.21473693847656
2022-01-21,129.28297424316406
2022-01-24,129.7317657470703
2022-01-25,125.89448547363281
2022-01-26,128.17364501953125
2022-01-27,127.947509765625
2022-01-28,132.25790405273438
2022-01-31,134.1943817138672
2022-02-01,136.51568603515625
2022-02-02,146.7868194580078
2022-02-03,141.9170684814453
2022-02-04,142.11842346191406
2022-02-07,138.05995178222656
2022-02-08,138.25631713867188
2022-02-09,140.4313201904297
2022-02-10,137.4836883544922
2022-02-11,133.1817626953125
2022-02-14,134.4150390625
2022-02-15,135.48870849609375
2022-02-16,136.6089324951172
2022-02-17,131.45254516601562
2022-02-18,129.3340606689453
2022-02-22,128.7493896484375
2022-02-23,126.54212951660156
2022-02-24,131.60328674316406
2022-02-25,133.35731506347656
2022-02-28,133.94992065429688
2022-03-01,132.96255493164062
2022-03-02,133.4683837890625
2022-03-03,132.80189514160156
2022-03-04,130.8252410888672
2022-03-07,125.34254455566406
2022-03-08,126.06259155273438
2022-03-09,132.32630920410156
2022-03-10,131.34393310546875
2022-03-11,128.805908203125
2022-03-14,124.91854858398438
2022-03-15,128.13893127441406
2022-03-16,132.18797302246094
2022-03-17,132.7418975830078
2022-03-18,135.0096435546875
2022-03-21,134.98585510253906
2022-03-22,138.72146606445312
2022-03-23,137.14199829101562
2022-03-24,140.4114990234375
2022-03-25,140.51165771484375
2022-03-28,140.2959747314453
2022-03-29,141.33737182617188
2022-03-30,140.77500915527344
2022-03-31,137.92755126953125
2022-04-01,139.00164794921875
2022-04-04,141.79953002929688
2022-04-05,139.4385223388672
2022-04-06,135.4287109375
2022-04-07,134.77459716796875
2022-04-08,132.19491577148438
2022-04-11,127.76750946044922
2022-04-12,126.66759490966797
2022-04-13,128.8292236328125
2022-04-14,125.6911849975586
2022-04-18,126.62991333007812
2022-04-19,128.94329833984375
2022-04-20,126.99042510986328
2022-04-21,123.7913589477539
2022-04-22,118.65481567382812
2022-04-25,122.06513214111328
2022-04-26,117.67739868164062
2022-04-27,113.35759735107422
2022-04-28,117.55094146728516
2022-04-29,113.17411804199219
2022-05-02,115.6273422241211
2022-05-03,116.37218475341797
2022-05-04,121.2587890625
2022-05-05,115.55048370361328
2022-05-06,114.79769897460938
2022-05-09,111.5887222290039
2022-05-10,113.45726776123047
2022-05-11,112.67127227783203
2022-05-12,111.91899108886719
2022-05-13,115.09920501708984
2022-05-16,113.50686645507812
2022-05-17,115.51824951171875
2022-05-18,110.98223114013672
2022-05-19,109.47915649414062
2022-05-20,108.01525115966797
2022-05-23,110.57411193847656
2022-05-24,105.1013412475586
2022-05-25,104.93769073486328
2022-05-26,106.9089126586914
2022-05-27,111.39580535888672
2022-05-31,112.8294677734375
2022-06-01,112.9583969116211
2022-06-02,116.6583251953125
2022-06-03,113.60206604003906
2022-06-06,115.8628921508789
2022-06-07,116.18919372558594
2022-06-08,116.23332977294922
2022-06-09,113.8941650390625
2022-06-10,110.25028228759766
2022-06-13,105.52037048339844
2022-06-14,105.84073638916016
2022-06-15,108.86473846435547
2022-06-16,105.16432189941406
2022-06-17,106.26521301269531
2022-06-21,110.62964630126953
2022-06-22,110.57361602783203
2022-06-23,111.32191467285156
2022-06-24,117.00792694091797
2022-06-27,114.88398742675781
2022-06-28,111.08934783935547
2022-06-29,110.7858657836914
2022-06-30,108.0698013305664
2022-07-01,107.84614562988281
2022-07-05,112.33454895019531
2022-07-06,113.63282775878906
2022-07-07,117.8093032836914
2022-07-08,118.37513732910156
2022-07-11,114.72825622558594
2022-07-12,113.08584594726562
2022-07-13,110.44071960449219
2022-07-14,109.4627914428711
2022-07-15,110.86123657226562
2022-07-18,108.13623809814453
2022-07-19,112.8770751953125
2022-07-20,112.96633911132812
2022-07-21,113.4027328491211
2022-07-22,107.0155258178711
2022-07-25,106.62871551513672
2022-07-26,104.15912628173828
2022-07-27,112.13321685791016
2022-07-28,113.28372955322266
2022-07-29,115.36650085449219
2022-08-01,113.91847229003906
2022-08-02,114.18624877929688
2022-08-03,117.112060546875
2022-08-04,117.2211685180664
2022-08-05,116.50707244873047
2022-08-08,116.33847045898438
2022-08-09,115.67394256591797
2022-08-10,118.71878051757812
2022-08-11,117.86583709716797
2022-08-12,120.68255615234375
2022-08-15,121.07928466796875
2022-08-16,120.70240020751953
2022-08-17,118.57003021240234
2022-08-18,119.18492889404297
2022-08-19,116.24919891357422
2022-08-22,113.30354309082031
2022-08-23,112.92666625976562
2022-08-24,112.758056640625
2022-08-25,115.69378662109375
2022-08-26,109.43551635742188
2022-08-29,108.5230712890625
2022-08-30,108.04701232910156
2022-08-31,107.33290100097656
2022-09-01,108.84043884277344
2022-09-02,106.96592712402344
2022-09-06,105.93445587158203
2022-09-07,108.55281066894531
2022-09-08,107.49159240722656
2022-09-09,109.74297332763672
2022-09-12,109.95124816894531
2022-09-13,103.4648666381836
2022-09-14,104.13929748535156
2022-09-15,102.06642150878906
2022-09-16,101.95732879638672
2022-09-19,102.22511291503906
2022-09-20,100.31092071533203
2022-09-21,98.46617126464844
2022-09-22,99.31912231445312
2022-09-23,97.93061065673828
2022-09-26,97.36527252197266
2022-09-27,96.70077514648438
2022-09-28,99.22986602783203
2022-09-29,96.62142181396484
2022-09-30,94.86593627929688
2022-10-03,97.8314208984375
2022-10-04,100.80683135986328
2022-10-05,100.59855651855469
2022-10-06,100.58863067626953
2022-10-07,97.87110137939453
2022-10-10,97.05781555175781
2022-10-11,96.38339233398438
2022-10-12,96.76026916503906
2022-10-13,98.24797821044922
2022-10-14,95.76847076416016
2022-10-17,99.15052795410156
2022-10-18,99.94395446777344
2022-10-19,98.81331634521484
2022-10-20,99.15052795410156
2022-10-21,100.30101013183594
2022-10-24,101.67961883544922
2022-10-25,103.62355041503906
2022-10-26,94.1518325805664
2022-10-27,91.46405792236328
2022-10-28,95.50068664550781
2022-10-31,93.73527526855469
2022-11-01,89.7283935546875
2022-11-02,86.25708770751953
2022-11-03,82.74610900878906
2022-11-04,85.87028503417969
2022-11-07,87.76461791992188
2022-11-08,88.1712646484375
2022-11-09,86.6042251586914
2022-11-10,93.16995239257812
2022-11-11,95.61970520019531
2022-11-14,94.91552734375
2022-11-15,97.6330795288086
2022-11-16,98.03970336914062
2022-11-17,97.55372619628906
2022-11-18,96.63134765625
2022-11-21,94.81635284423828
2022-11-22,96.25445556640625
2022-11-23,97.65290069580078
2022-11-25,96.66109466552734
2022-11-28,95.26266479492188
2022-11-29,94.40969848632812
2022-11-30,100.16216278076172
2022-12-01,100.16216278076172
2022-12-02,99.61666870117188
2022-12-05,98.66453552246094
2022-12-06,96.1850357055664
2022-12-07,94.1617660522461
2022-12-08,92.94182586669922
2022-12-09,92.06905364990234
2022-12-12,92.54510498046875
2022-12-13,94.84608459472656
2022-12-14,94.2906723022461
2022-12-15,90.11519622802734
2022-12-16,89.5201187133789
2022-12-19,87.71504211425781
2022-12-20,88.29027557373047
2022-12-21,88.84568786621094
2022-12-22,87.04061889648438
2022-12-23,88.4985580444336
2022-12-27,86.67363739013672
2022-12-28,85.31488037109375
2022-12-29,87.7249526977539
2022-12-30,87.50676727294922
2023-01-03,88.38948059082031
2023-01-04,87.35798645019531
2023-01-05,85.49340057373047
2023-01-06,86.62406158447266
2023-01-09,87.29846954345703
2023-01-10,87.69520568847656
2023-01-11,90.76979064941406
2023-01-12,90.38298034667969
2023-01-13,91.36488342285156
2023-01-17,90.54167938232422
2023-01-18,90.3730697631836
2023-01-19,92.28724670410156
2023-01-20,97.21650695800781
2023-01-23,98.97200012207031
2023-01-24,96.89912414550781
2023-01-25,94.43946838378906
2023-01-26,96.7206039428711
2023-01-27,98.5554428100586
2023-01-30,96.14537048339844
2023-01-31,98.02979278564453
2023-02-01,99.60675048828125
2023-02-02,106.8568344116211
2023-02-03,103.92109680175781
2023-02-06,102.05650329589844
2023-02-07,106.75765991210938
2023-02-08,98.5554428100586
2023-02-09,94.2311782836914
2023-02-10,93.79478454589844
2023-02-13,93.83445739746094
2023-02-14,93.90389251708984
2023-02-15,96.14537048339844
2023-02-16,94.72708129882812
2023-02-17,93.57659149169922
2023-02-21,91.0375747680664
2023-02-22,90.89872741699219
2023-02-23,90.14495086669922
2023-02-24,88.39938354492188
2023-02-27,89.1333236694336
2023-02-28,89.3217544555664
2023-03-01,89.61930847167969
2023-03-02,91.24585723876953
2023-03-03,92.88232421875
2023-03-06,94.35018920898438
2023-03-07,93.09061431884766
2023-03-08,93.47740173339844
2023-03-09,91.563232421875
2023-03-10,89.88707733154297
2023-03-13,90.36315155029297
2023-03-14,93.19969940185547
2023-03-15,95.32215881347656
2023-03-16,99.49764251708984
2023-03-17,100.7869873046875
2023-03-20,100.39027404785156
2023-03-21,104.05994415283203
2023-03-22,102.52265930175781
2023-03-23,104.734375
2023-03-24,104.57569122314453
2023-03-27,101.62010955810547
2023-03-28,100.20182800292969
2023-03-29,100.55888366699219
2023-03-30,100.06298065185547
2023-03-31,102.87969970703125
2023-04-03,103.5045394897461
2023-04-04,103.86158752441406
2023-04-05,103.61363983154297
2023-04-06,107.53125
2023-04-10,105.56749725341797
2023-04-11,104.48641204833984
2023-04-12,103.78224182128906
2023-04-13,106.54936218261719
2023-04-14,107.97756958007812
2023-04-17,105.1013412475586
2023-04-18,103.64338684082031
2023-04-19,103.32601928710938
2023-04-20,104.42691040039062
2023-04-21,104.54592895507812
2023-04-24,105.1013412475586
2023-04-25,102.99871826171875
2023-04-26,102.85987091064453
2023-04-27,106.70804595947266
2023-04-28,106.46011352539062
2023-05-01,106.32125091552734
2023-05-02,104.45667266845703
2023-05-03,104.54592895507812
2023-05-04,103.83184051513672
2023-05-05,104.7046127319336
2023-05-08,106.8865737915039
2023-05-09,106.47001647949219
2023-05-10,110.83394622802734
2023-05-11,115.61444854736328
2023-05-12,116.54673767089844
2023-05-15,115.55493927001953
2023-05-16,118.53034973144531
2023-05-17,119.84943389892578
2023-05-18,121.82313537597656
2023-05-19,121.75370025634766
2023-05-22,124.02494812011719
2023-05-23,121.55533599853516
2023-05-24,119.90895080566406
2023-05-25,122.4677963256836
2023-05-26,123.58854675292969
2023-05-30,122.65624237060547
2023-05-31,121.86280822753906
2023-06-01,122.70582580566406
2023-06-02,123.64804077148438
2023-06-05,124.9770736694336
2023-06-06,126.26641845703125
2023-06-07,121.4958267211914
2023-06-08,121.13877868652344
2023-06-09,121.22806549072266
2023-06-12,122.6264877319336
2023-06-13,122.81494140625
2023-06-14,122.65624237060547
2023-06-15,124.06461334228516
2023-06-16,122.51740264892578
2023-06-20,122.09090423583984
2023-06-21,119.56182861328125
2023-06-22,122.14051055908203
2023-06-23,121.33715057373047
2023-06-26,117.36991882324219
2023-06-27,117.36001586914062
2023-06-28,119.19485473632812
2023-06-29,118.12370300292969
2023-06-30,118.71878051757812
2023-07-03,118.91714477539062
2023-07-05,120.75199127197266
2023-07-06,119.12542724609375
2023-07-07,118.50059509277344
2023-07-10,115.49544525146484
2023-07-11,116.17977905273438
2023-07-12,117.95509338378906
2023-07-13,123.51910400390625
2023-07-14,124.39189147949219
2023-07-17,123.62821960449219
2023-07-18,122.7455062866211
2023-07-19,121.0296859741211
2023-07-20,118.22288513183594
2023-07-21,119.0361557006836
2023-07-24,120.53378295898438
2023-07-25,121.20821380615234
2023-07-26,128.21034240722656
2023-07-27,128.33926391601562
2023-07-28,131.4932098388672
2023-07-31,131.63206481933594
2023-08-01,130.4716796875
2023-08-02,127.32763671875
2023-08-03,127.39706420898438
2023-08-04,127.05985260009766
2023-08-07,130.45181274414062
2023-08-08,130.3228759765625
2023-08-09,128.5971221923828
2023-08-10,128.6269073486328
2023-08-11,128.4979705810547
2023-08-14,130.25347900390625
2023-08-15,128.71615600585938
2023-08-16,127.64498901367188
2023-08-17,128.85501098632812
2023-08-18,126.41516876220703
2023-08-21,127.31771850585938
2023-08-22,128.0218963623047
2023-08-23,131.28494262695312
2023-08-24,128.71615600585938
2023-08-25,128.81533813476562
2023-08-28,129.93606567382812
2023-08-29,133.46688842773438
2023-08-30,134.76617431640625
2023-08-31,135.0537872314453
2023-09-01,134.5479736328125
2023-09-05,134.6570587158203
2023-09-06,133.35781860351562
2023-09-07,134.1512451171875
2023-09-08,135.26206970214844
2023-09-11,135.7976531982422
2023-09-12,134.23056030273438
2023-09-13,135.58937072753906
2023-09-14,136.9679412841797
2023-09-15,136.27369689941406
2023-09-18,137.0770721435547
2023-09-19,136.90846252441406
2023-09-20,132.64369201660156
2023-09-21,129.37075805664062
2023-09-22,129.18231201171875
2023-09-25,130.03526306152344
2023-09-26,127.5160903930664
2023-09-27,129.4699249267578
2023-09-28,131.2254180908203
2023-09-29,129.78729248046875
2023-10-02,133.07017517089844
2023-10-03,131.3444061279297
2023-10-04,134.1313934326172
2023-10-05,133.9628143310547
2023-10-06,136.4522247314453
2023-10-09,137.28533935546875
2023-10-10,136.9282684326172
2023-10-11,139.39785766601562
2023-10-12,137.83082580566406
2023-10-13,136.23402404785156
2023-10-16,137.9597930908203
2023-10-17,138.57467651367188
2023-10-18,136.82911682128906
2023-10-19,136.62083435058594
2023-10-20,134.48846435546875
2023-10-23,135.38108825683594
2023-10-24,137.67213439941406
2023-10-25,124.58035278320312
2023-10-26,121.27763366699219
2023-10-27,121.16854095458984
2023-10-30,123.43976593017578
2023-10-31,123.06287384033203
2023-11-01,125.41345977783203
2023-11-02,126.44493865966797
2023-11-03,128.04173278808594
2023-11-06,129.18231201171875
2023-11-07,129.89642333984375
2023-11-08,130.75926208496094
2023-11-09,129.1724090576172
2023-11-10,131.5031280517578
2023-11-13,131.00723266601562
2023-11-14,132.52468872070312
2023-11-15,133.5164794921875
2023-11-16,135.80752563476562
2023-11-17,134.20082092285156
2023-11-20,135.13311767578125
2023-11-21,135.8472137451172
2023-11-22,137.3547821044922
2023-11-24,135.56951904296875
2023-11-27,135.2918243408203
2023-11-28,136.07534790039062
2023-11-29,133.8834686279297
2023-11-30,131.44363403320312
2023-12-01,130.77911376953125
2023-12-04,128.21034240722656
2023-12-05,129.91624450683594
2023-12-06,128.95419311523438
2023-12-07,135.80752563476562
2023-12-08,133.8834686279297
2023-12-11,132.19740295410156
2023-12-12,131.43370056152344
2023-12-13,131.48329162597656
2023-12-14,130.85845947265625
2023-12-15,131.51304626464844
2023-12-18,134.68682861328125
2023-12-19,135.5298309326172
2023-12-20,137.2059783935547
2023-12-21,139.26893615722656
2023-12-22,140.33016967773438
2023-12-26,140.3599395751953
2023-12-27,139.21934509277344
2023-12-28,139.08050537109375
2023-12-29,138.54493713378906
2024-01-02,137.03736877441406
2024-01-03,137.78125
2024-01-04,135.27198791503906
2024-01-05,134.61740112304688
2024-01-08,137.701904296875
2024-01-09,139.7946014404297
2024-01-10,141.11370849609375
2024-01-11,140.91534423828125
2024-01-12,141.48065185546875
2024-01-16,141.3219757080078
2024-01-17,140.31033325195312
2024-01-18,142.3038787841797
2024-01-19,145.18008422851562
2024-01-22,144.7932586669922
2024-01-23,145.83470153808594
2024-01-24,147.48106384277344
2024-01-25,150.62506103515625
2024-01-26,150.94247436523438
2024-01-29,152.2516326904297
2024-01-30,150.21844482421875
2024-01-31,138.95155334472656
2024-02-01,140.0028839111328
2024-02-02,141.21286010742188
2024-02-05,142.50221252441406
2024-02-06,142.9187774658203
2024-02-07,144.34695434570312
2024-02-08,144.71392822265625
2024-02-09,147.7786407470703
2024-02-12,146.32064819335938
2024-02-13,143.9502410888672
2024-02-14,144.74368286132812
2024-02-15,141.5996856689453
2024-02-16,139.36814880371094
2024-02-20,139.96322631835938
2024-02-21,141.38148498535156
2024-02-22,142.9088592529297
2024-02-23,142.7799530029297
2024-02-26,136.4423065185547
2024-02-27,137.7415771484375
2024-02-28,135.26206970214844
2024-02-29,137.32501220703125
2024-03-01,136.0158233642578
2024-03-04,132.2569122314453
2024-03-05,131.58245849609375
2024-03-06,130.3228759765625
2024-03-07,133.27845764160156
2024-03-08,134.3000030517578
2024-03-11,136.54148864746094
2024-03-12,137.36468505859375
2024-03-13,138.64407348632812
2024-03-14,141.92697143554688
2024-03-15,140.02268981933594
2024-03-18,146.4694366455078
2024-03-19,145.82473754882812
2024-03-20,147.52073669433594
2024-03-21,146.39010620117188
2024-03-22,149.53411865234375
2024-03-25,148.83982849121094
2024-03-26,149.43490600585938
2024-03-27,149.6332550048828
2024-03-28,149.6927947998047
2024-04-01,154.21543884277344
2024-04-02,153.2930145263672
2024-04-03,153.6500701904297
2024-04-04,149.2960662841797
2024-04-05,151.2499237060547
2024-04-08,153.58065795898438
2024-04-09,155.31629943847656
2024-04-10,154.86009216308594
2024-04-11,158.10328674316406
2024-04-12,156.43704223632812
2024-04-15,153.59059143066406
2024-04-16,153.13433837890625
2024-04-17,154.19557189941406
2024-04-18,154.73117065429688
2024-04-19,152.826904296875
2024-04-22,154.9989471435547
2024-04-23,156.96270751953125
2024-04-24,157.82557678222656
2024-04-25,154.72122192382812
2024-04-26,170.5404815673828
2024-04-29,164.7880096435547
2024-04-30,161.44566345214844
2024-05-01,162.51678466796875
2024-05-02,165.25416564941406
2024-05-03,165.86911010742188
2024-05-06,166.7220458984375
2024-05-07,169.8462371826172
2024-05-08,167.99154663085938
2024-05-09,168.5668182373047
2024-05-10,167.2675323486328
2024-05-13,167.75350952148438
2024-05-14,168.9436798095703
2024-05-15,171.0959014892578
2024-05-16,172.752197265625
2024-05-17,174.6167755126953
2024-05-20,175.46975708007812
2024-05-21,176.39212036132812
2024-05-22,174.93417358398438
2024-05-23,172.12738037109375
2024-05-24,173.55555725097656
2024-05-28,174.95399475097656
2024-05-29,174.4580841064453
2024-05-30,170.69915771484375
2024-05-31,171.08595275878906
2024-06-03,171.75048828125
2024-06-04,172.36538696289062
2024-06-05,173.9721221923828
2024-06-06,175.28131103515625
2024-06-07,173.02992248535156
2024-06-10,173.7746124267578
2024-06-11,175.3732452392578
2024-06-12,176.5349884033203
2024-06-13,173.92355346679688
2024-06-14,175.54205322265625
2024-06-17,175.98886108398438
2024-06-18,173.8540496826172
2024-06-20,175.0554962158203
2024-06-21,178.36199951171875
2024-06-24,177.9548797607422
2024-06-25,182.73094177246094
2024-06-26,182.58201599121094
2024-06-27,184.1011962890625
2024-06-28,180.8642120361328
2024-07-01,181.69827270507812
2024-07-02,183.93240356445312
2024-07-03,184.50830078125
2024-07-05,189.25457763671875
2024-07-08,187.69564819335938
2024-07-09,187.64601135253906
2024-07-10,189.83045959472656
2024-07-11,184.2600860595703
2024-07-12,183.7635955810547
2024-07-15,185.2133026123047
2024-07-16,182.62173461914062
2024-07-17,179.74220275878906
2024-07-18,176.43568420410156
2024-07-19,176.40591430664062
2024-07-22,180.38758850097656
2024-07-23,180.50672912597656
2024-07-24,171.41143798828125
2024-07-25,166.09918212890625
2024-07-26,165.82115173339844
2024-07-29,168.3332977294922
2024-07-30,169.08792114257812
2024-07-31,170.3291015625
2024-08-01,169.55459594726562
2024-08-02,165.48355102539062
2024-08-05,158.12588500976562
2024-08-06,157.17263793945312
2024-08-07,157.81805419921875
2024-08-08,160.88624572753906
2024-08-09,162.5146484375
2024-08-12,161.14439392089844
2024-08-13,163.00120544433594
2024-08-14,159.23794555664062
2024-08-15,160.16139221191406
2024-08-16,161.80967712402344
2024-08-19,165.49349975585938
2024-08-20,165.9998779296875
2024-08-21,164.67929077148438
2024-08-22,162.64373779296875
2024-08-23,164.45091247558594
2024-08-26,164.98707580566406
2024-08-27,163.51751708984375
2024-08-28,161.70045471191406
2024-08-29,160.63800048828125
2024-08-30,162.22671508789062
2024-09-03,156.24917602539062
2024-09-04,155.34561157226562
2024-09-05,156.13003540039062
2024-09-06,149.8546600341797
2024-09-09,147.856201171875
2024-09-10,147.80648803710938
2024-09-11,150.29214477539062
2024-09-12,153.8018798828125
2024-09-13,156.55596923828125
2024-09-16,157.15252685546875
2024-09-17,158.40528869628906
2024-09-18,158.89248657226562
2024-09-19,161.2091064453125
2024-09-20,162.65077209472656
2024-09-23,160.92076110839844
2024-09-24,161.3582305908203
2024-09-25,160.56283569335938
2024-09-26,161.7957000732422
2024-09-27,163.0087127685547
2024-09-30,164.8977813720703
2024-10-01,166.03125
2024-10-02,164.90774536132812
2024-10-03,164.90774536132812
2024-10-04,166.10086059570312
2024-10-07,162.0442657470703
2024-10-08,163.43624877929688
2024-10-09,160.9307098388672
2024-10-10,161.1494598388672
2024-10-11,162.30276489257812
2024-10-14,164.01292419433594
2024-10-15,164.51002502441406
2024-10-16,164.21176147460938
2024-10-17,161.99453735351562
2024-10-18,162.48175048828125
2024-10-21,163.12803649902344
2024-10-22,164.19186401367188
2024-10-23,161.8454132080078
2024-10-24,161.78575134277344
2024-10-25,164.3211212158203
2024-10-28,165.76280212402344
2024-10-29,168.70579528808594
2024-10-30,173.45835876464844
2024-10-31,170.1276092529297
2024-11-01,170.30654907226562
2024-11-04,168.26834106445312
2024-11-05,168.76547241210938
2024-11-06,175.49659729003906
2024-11-07,179.71224975585938
2024-11-08,177.32601928710938
2024-11-11,179.31455993652344
2024-11-12,180.5772247314453
2024-11-13,177.85296630859375
2024-11-14,174.5719451904297
2024-11-15,171.4996795654297
2024-11-18,174.2935333251953
2024-11-19,177.09735107421875
2024-11-20,174.9696044921875
2024-11-21,166.66757202148438
2024-11-22,163.81402587890625
2024-11-25,166.6874542236328
2024-11-26,168.1490020751953
2024-11-27,168.25839233398438
2024-11-29,167.97999572753906
2024-12-02,170.50540161132812
2024-12-03,170.3562469482422
2024-12-04,173.3688507080078
2024-12-05,171.64881896972656
2024-12-06,173.70692443847656
2024-12-09,174.56297302246094
2024-12-10,184.31787109375
2024-12-11,194.50079345703125
2024-12-12,191.0766143798828
2024-12-13,188.94647216796875
2024-12-16,195.7550048828125
2024-12-17,194.5207061767578
2024-12-18,187.53298950195312
2024-12-19,187.64248657226562
2024-12-20,190.52915954589844
2024-12-23,193.7343292236328
2024-12-24,195.20751953125
2024-12-26,194.6998748779297
2024-12-27,191.8729248046875
2024-12-30,190.35995483398438
2024-12-31,188.42886352539062
2025-01-02,188.5582733154297
2025-01-03,190.9073944091797
2025-01-06,195.9640350341797
2025-01-07,194.5904083251953
2025-01-08,193.05747985839844
2025-01-10,191.15625
2025-01-13,190.1309814453125
2025-01-14,188.78721618652344
2025-01-15,194.6501007080078
2025-01-16,192.0222625732422
2025-01-17,195.0980224609375
2025-01-21,197.1385955810547
2025-01-22,197.4571075439453
2025-01-23,197.06890869140625
2025-01-24,199.28866577148438
2025-01-27,190.92730712890625
2025-01-28,194.40127563476562
2025-01-29,194.51075744628906
2025-01-30,199.9456329345703
2025-01-31,203.08114624023438
2025-02-03,200.303955078125
2025-02-04,205.43028259277344
2025-02-05,190.44952392578125
2025-02-06,190.71827697753906
2025-02-07,184.48709106445312
2025-02-10,185.61190795898438
2025-02-11,184.46717834472656
2025-02-12,182.76504516601562
2025-02-13,185.2834014892578
2025-02-14,184.37759399414062
2025-02-18,182.92431640625
2025-02-19,184.41741943359375
2025-02-20,183.71067810058594
2025-02-21,178.83323669433594
2025-02-24,178.4251251220703
2025-02-25,174.6127471923828
2025-02-26,171.9351043701172
2025-02-27,167.72457885742188
2025-02-28,169.4963836669922
2025-03-03,166.24142456054688
2025-03-04,170.13343811035156
2025-03-05,172.22378540039062
2025-03-06,171.556884765625
2025-03-07,173.05992126464844
2025-03-10,165.29684448242188
2025-03-11,163.47314453125
2025-03-12,166.53256225585938
2025-03-13,162.1975860595703
2025-03-14,164.91815185546875
2025-03-17,163.72230529785156
2025-03-18,160.11480712890625
2025-03-19,163.32366943359375
2025-03-20,162.23744201660156
2025-03-21,163.42332458496094
2025-03-24,167.1005859375
2025-03-25,169.97064208984375
2025-03-26,164.48963928222656
2025-03-27,161.6793975830078
2025-03-28,153.7967071533203
2025-03-31,154.10565185546875
2025-04-01,156.52725219726562
2025-04-02,156.49732971191406
2025-04-03,150.1991729736328
2025-04-04,145.0968780517578
2025-04-07,146.24290466308594
2025-04-08,144.19998168945312
2025-04-09,158.16160583496094
2025-04-10,152.29193115234375
2025-04-11,156.5970001220703
2025-04-14,158.5203399658203
2025-04-15,155.76988220214844
2025-04-16,152.8001708984375
2025-04-17,150.63768005371094
2025-04-21,147.15972900390625
2025-04-22,150.9466094970703
2025-04-23,154.8131866455078
2025-04-24,158.7296142578125
2025-04-25,161.40036010742188
2025-04-28,160.05502319335938
2025-04-29,159.60658264160156
2025-04-30,158.2512664794922
2025-05-01,160.7426300048828
2025-05-02,163.46319580078125
2025-05-05,163.642578125
2025-05-06,162.66595458984375
2025-05-07,150.85691833496094
2025-05-08,153.74688720703125
2025-05-09,152.22218322753906
2025-05-12,157.91246032714844
2025-05-13,158.978759765625
2025-05-14,164.79856872558594
2025-05-15,163.39344787597656
2025-05-16,165.61572265625
2025-05-19,165.9645233154297
2025-05-20,163.41336059570312
2025-05-21,167.9775390625
2025-05-22,170.279541015625
2025-05-23,167.88784790039062
2025-05-27,172.30255126953125
2025-05-28,171.76441955566406
2025-05-29,171.26612854003906
2025-05-30,171.1465606689453
2025-06-02,168.4459228515625
2025-06-03,165.6057586669922
2025-06-04,167.4693145751953
2025-06-05,167.62875366210938
2025-06-06,173.079833984375
2025-06-09,175.6939697265625
2025-06-10,178.19833374023438
2025-06-11,176.95114135742188
2025-06-12,175.30484008789062
2025-06-13,174.27716064453125
2025-06-16,176.3724365234375
2025-06-17,175.5542755126953
2025-06-18,172.93020629882812
2025-06-20,166.26522827148438
2025-06-23,164.8184814453125
2025-06-24,166.3949432373047
2025-06-25,170.296142578125
2025-06-26,173.14968872070312
2025-06-27,178.12847900390625
2025-06-30,175.83364868164062
2025-07-01,175.44451904296875
2025-07-02,178.23822021484375
2025-07-03,179.126220703125
2025-07-07,176.3923797607422
2025-07-08,173.9678497314453
2025-07-09,176.22276306152344
2025-07-10,177.22052001953125
2025-07-11,179.78475952148438
2025-07-14,181.1516571044922
2025-07-15,181.59066772460938
2025-07-16,182.55850219726562
2025-07-17,183.1671142578125
2025-07-18,184.64378356933594
2025-07-21,189.67245483398438
2025-07-22,190.90966796875
2025-07-23,189.8021697998047
2025-07-24,191.73779296875
2025-07-25,192.7455291748047
2025-07-28,192.14686584472656
2025-07-29,195.30975341796875
2025-07-30,196.08799743652344
2025-07-31,191.46839904785156
2025-08-01,188.7046356201172
2025-08-04,194.60133361816406
2025-08-05,194.232177734375
2025-08-06,195.6489715576172
2025-08-07,196.07801818847656
2025-08-08,200.9669952392578
2025-08-11,200.54794311523438
2025-08-12,202.88267517089844
2025-08-13,201.50579833984375
2025-08-14,202.48358154296875
2025-08-15,203.44140625
2025-08-18,203.04232788085938
2025-08-19,201.11666870117188
2025-08-20,198.87171936035156
2025-08-21,199.3007354736328
2025-08-22,205.62649536132812
2025-08-25,208.02108764648438
2025-08-26,206.6741180419922
2025-08-27,207.01336669921875
2025-08-28,211.16400146484375
2025-08-29,212.43115234375
2025-09-02,210.8746795654297
2025-09-03,230.1412353515625
2025-09-04,231.7775421142578
2025-09-05,234.4714813232422
2025-09-08,233.72247314453125
2025-09-09,239.30490112304688
2025-09-10,238.84552001953125
2025-09-11,240.0438995361328
2025-09-12,240.4733123779297
2025-09-15,251.26864624023438
2025-09-16,250.8192596435547
2025-09-17,249.19146728515625
2025-09-18,251.68807983398438
2025-09-19,254.3744354248047
2025-09-22,252.18740844726562
2025-09-23,251.31858825683594
2025-09-24,246.80471801757812
2025-09-25,245.45652770996094
2025-09-26,246.2055206298828
2025-09-29,243.71890258789062
2025-09-30,242.77020263671875
2025-10-01,244.5677490234375
2025-10-02,245.356689453125
2025-10-03,245.0171356201172
2025-10-06,250.09024047851562
2025-10-07,245.42657470703125
2025-10-08,244.2881317138672
2025-10-09,241.2023162841797
2025-10-10,236.24905395507812
2025-10-13,243.8187713623047
2025-10-14,245.11700439453125
2025-10-15,250.68943786621094
2025-10-16,251.1188507080078
2025-10-17,252.95635986328125
2025-10-20,256.2019348144531
2025-10-21,250.12020874023438
2025-10-22,251.34854125976562
2025-10-23,252.7366485595703
2025-10-24,259.5674133300781
2025-10-27,268.9046630859375
2025-10-28,267.1071472167969
2025-10-29,274.197509765625
2025-10-30,281.09814453125
2025-10-31,280.80853271484375
2025-11-03,283.3350830078125
2025-11-04,277.1634826660156
2025-11-05,283.9242858886719
2025-11-06,284.36370849609375
2025-11-07,278.4516906738281
2025-11-10,289.7064208984375
2025-11-11,290.9147644042969
2025-11-12,286.3210144042969
2025-11-13,278.19207763671875
2025-11-14,276.0350036621094
2025-11-17,284.63330078125
2025-11-18,283.8943176269531
2025-11-19,292.4127502441406
2025-11-20,289.05731201171875
2025-11-21,299.2534484863281
2025-11-24,318.14776611328125
2025-11-25,323.0011901855469
2025-11-26,319.5159606933594
2025-11-28,319.74560546875
2025-12-01,314.4627990722656
2025-12-02,315.38153076171875
2025-12-03,319.1963806152344
2025-12-04,317.1890869140625
2025-12-05,320.8341064453125
2025-12-08,313.49932861328125
2025-12-09,316.85693359375
2025-12-10,319.9847412109375
2025-12-11,312.210205078125
2025-12-12,309.07244873046875
2025-12-15,308.003173828125
2025-12-16,306.3543395996094
2025-12-17,296.5112609863281
2025-12-18,302.2472229003906
2025-12-19,306.9439392089844
2025-12-22,309.56207275390625
2025-12-23,314.1288757324219
2025-12-24,313.8690490722656
2025-12-26,313.2894592285156
2025-12-29,313.33941650390625
2025-12-30,313.6292419433594
2025-12-31,312.7798156738281
2026-01-02,314.9283142089844
2026-01-05,316.3173522949219
2026-01-06,314.1188659667969
2026-01-07,321.7535095214844
2026-01-08,325.2110595703125
2026-01-09,328.3388671875
2026-01-12,331.62652587890625
2026-01-13,335.7336730957031
2026-01-14,335.603759765625
2026-01-15,332.5458984375
2026-01-16,329.7678527832031
2026-01-20,321.77349853515625
2026-01-21,328.1490173339844
2026-01-22,330.3074951171875
2026-01-23,327.6993103027344
2026-01-26,333.02557373046875
2026-01-27,334.31463623046875
2026-01-28,335.7736511230469
2026-01-29,338.0120544433594
2026-01-30,337.7622375488281
2026-02-02,343.4482421875
2026-02-03,339.47100830078125
2026-02-04,332.80572509765625
2026-02-05,331.0169677734375
2026-02-06,322.63287353515625
2026-02-09,324.09185791015625
2026-02-10,318.3558654785156
2026-02-11,310.7412414550781
2026-02-12,308.7826232910156
2026-02-13,305.50494384765625
2026-02-17,301.8075256347656
2026-02-18,303.1166076660156
2026-02-19,302.636962890625
2026-02-20,314.7584228515625
2026-02-23,311.2708740234375
2026-02-24,310.6813049316406
2026-02-25,312.67987060546875
2026-02-26,307.1637878417969
2026-02-27,311.54071044921875
2026-03-02,306.3043518066406
2026-03-03,303.3664245605469
2026-03-04,302.9167785644531
2026-03-05,300.6683349609375
2026-03-06,298.30999755859375
2026-03-09,306.3599853515625
2026-03-10,307.0400085449219
2026-03-11,308.70001220703125
2026-03-12,303.54998779296875
2026-03-13,302.2799987792969
2026-03-16,305.55999755859375
2026-03-17,310.9200134277344
2026-03-18,307.69000244140625
2026-03-19,307.1300048828125
2026-03-20,301.0
2026-03-23,302.05999755859375
2026-03-24,290.44000244140625
2026-03-25,290.92999267578125
2026-03-26,280.9200134277344
2026-03-27,274.3399963378906
2026-03-30,273.5
2026-03-31,287.55999755859375
2026-04-01,297.3900146484375
2026-04-02,295.7699890136719
2026-04-06,299.989990234375
2026-04-07,305.4599914550781
2026-04-08,317.32000732421875
2026-04-09,318.489990234375
2026-04-10,317.239990234375
2026-04-13,321.30999755859375
2026-04-14,332.9100036621094
2026-04-15,337.1199951171875
2026-04-16,336.0199890136719
2026-04-17,341.67999267578125
